id,vehicle_uuid,customer_id,brand,model,year,plate_number,vehicle_type,vehicle_usage,vehicle_price,area,created_at
1,22ac52d8-6d30-4c5d-b35e-d49b4065d53c,1,BMW,X3,2026,DK 2841 EF,Sedan,Private,1091079154.0,Area 1,2026-07-07 06:46:22.740480
2,9a932e5e-ed78-437a-91f4-0485accce047,2,Hyundai,Stargazer,2013,N 6467 AA,Hatchback,Private,296543311.0,Area 3,2026-07-07 06:46:22.740480
3,eebb540c-caa8-4258-b4a8-ef9131de8f2b,3,Suzuki,Ertiga,2018,N 6486 GH,Sedan,Commercial,200324383.0,Area 3,2026-07-07 06:46:22.740480
4,862af30c-53a0-44c2-8d21-fabaf2f0483e,4,Hyundai,Ioniq 5,2025,F 6707 AA,Hatchback,Commercial,646331524.0,Area 2,2026-07-07 06:46:22.740480
5,8641410f-ee0c-40b3-82aa-513c63eba74b,5,Honda,Brio,2025,D 3401 CD,Sedan,Commercial,409817761.0,Area 3,2026-07-07 06:46:22.740480
6,7c096ce2-f625-453f-9cc4-500639fa2087,6,Mercedes,C200,2013,N 8003 CD,Sedan,Private,1593751912.0,Area 1,2026-07-07 06:46:22.740480
7,83ee587d-fdf3-4f42-bd50-978518e799cb,7,Suzuki,XL7,2017,F 9097 EF,MPV,Commercial,321529187.0,Area 3,2026-07-07 06:46:22.740480
8,2b1280e9-9999-4b4f-b455-1937f684ba57,8,Daihatsu,Xenia,2024,DK 5028 EF,MPV,Commercial,284618860.0,Area 3,2026-07-07 06:46:22.740480
9,5a1797e3-6021-40bc-80d2-de069b6c1d05,9,Mercedes,E200,2020,D 7301 AA,EV,Commercial,1371016150.0,Area 3,2026-07-07 06:46:22.740480
10,229b1adb-ce1f-4e9e-a40d-4b25c6d58665,10,Honda,HR-V,2017,B 4330 AA,Hatchback,Commercial,684116052.0,Area 1,2026-07-07 06:46:22.740480
11,87d9321e-f528-4d84-9a4b-6d07d9d03cdf,11,Honda,Brio,2026,F 6912 AB,Hatchback,Commercial,247384703.0,Area 3,2026-07-07 06:46:22.740480
12,f941c6dd-d237-4bf3-89a0-69d9f7c6af51,12,BMW,320i,2015,D 1915 AB,SUV,Private,1255295431.0,Area 3,2026-07-07 06:46:22.740480
13,2619a731-896c-44c0-8acf-e92ee4b4339f,13,Toyota,Rush,2017,B 2736 GH,SUV,Commercial,629595671.0,Area 3,2026-07-07 06:46:22.740480
14,188043c3-dca0-44ef-8b7c-5718d82cce8d,14,Suzuki,Ertiga,2014,F 3314 AA,Sedan,Private,163349456.0,Area 3,2026-07-07 06:46:22.740480
15,6f225d06-3d11-43aa-8593-1fb34c21a928,15,BMW,320i,2024,D 8696 AB,EV,Commercial,1354856763.0,Area 2,2026-07-07 06:46:22.740480
16,1da11a03-8051-40b5-bce4-11dc9263a4b8,16,Daihatsu,Terios,2024,DK 1216 CD,SUV,Private,156106341.0,Area 3,2026-07-07 06:46:22.740480
17,38eb546a-a26a-4f21-b633-1071acb6094a,17,Toyota,Fortuner,2020,D 1178 EF,MPV,Commercial,477510194.0,Area 3,2026-07-07 06:46:22.740480
18,c6adec8b-d01f-460c-8e3e-2f45452f69d6,18,Hyundai,Ioniq 5,2020,F 4724 EF,Sedan,Commercial,348716092.0,Area 3,2026-07-07 06:46:22.740480
19,1611ce01-7fdf-465b-91ce-ac33fc7f4eba,19,BMW,320i,2023,D 7560 GH,SUV,Private,1271219212.0,Area 1,2026-07-07 06:46:22.740480
20,4d044fb8-c59b-488d-8d6c-5b8b05c65fc9,20,Wuling,Confero,2025,B 8674 EF,Hatchback,Commercial,394263311.0,Area 1,2026-07-07 06:46:22.740480
21,43bd0094-4896-410e-b2a4-b105264097af,21,Toyota,Innova,2022,L 4190 CD,SUV,Private,221773163.0,Area 2,2026-07-07 06:46:22.740480
22,efa667f0-6667-4671-87ef-158e330f7ad0,22,Daihatsu,Xenia,2015,F 3666 GH,SUV,Private,196884142.0,Area 3,2026-07-07 06:46:22.740480
23,3a6527f5-7839-481d-97c7-8d5c26bc572a,23,Toyota,Innova,2015,N 4305 AA,Sedan,Commercial,225655154.0,Area 3,2026-07-07 06:46:22.740480
24,84e90c44-942e-47ab-b7aa-c53d1ba98d0d,24,Toyota,Rush,2012,B 6154 AA,Hatchback,Private,371474551.0,Area 2,2026-07-07 06:46:22.740480
25,a6315291-f9d4-43ba-afdb-cf477803e468,25,BMW,X3,2015,F 7400 CD,Sedan,Private,1205750197.0,Area 2,2026-07-07 06:46:22.740480
26,490324b5-9af4-43f0-a2ec-35a77351d44b,26,Wuling,Almaz,2020,D 1388 GH,MPV,Commercial,210083423.0,Area 2,2026-07-07 06:46:22.740480
27,aeb4a86b-941a-4ede-b122-6ad719501185,27,Suzuki,Ertiga,2022,L 2290 AA,Sedan,Private,376755197.0,Area 3,2026-07-07 06:46:22.740480
28,d9eb77a6-a753-4a66-b5c5-1bbaddf80dac,28,Suzuki,Baleno,2014,N 9459 GH,EV,Commercial,280119552.0,Area 1,2026-07-07 06:46:22.740480
29,2445cafd-10a0-4207-8150-9f4b4dcc4fd6,29,Daihatsu,Terios,2017,N 8059 AA,MPV,Private,196054862.0,Area 3,2026-07-07 06:46:22.740480
30,644ac83c-262c-4db2-9efe-b26f5cd07103,30,Honda,HR-V,2021,DK 9151 AA,SUV,Private,581413472.0,Area 2,2026-07-07 06:46:22.740480
31,dd89b256-5a55-41f8-bff2-8876efaff840,31,Wuling,Almaz,2019,B 8451 CD,Sedan,Commercial,276689880.0,Area 1,2026-07-07 06:46:22.740480
32,4054eb39-f342-47f7-9481-c865dcc87b1d,32,Hyundai,Ioniq 5,2017,F 2461 AA,Sedan,Commercial,526965362.0,Area 2,2026-07-07 06:46:22.740480
33,bcbf38a3-ae1e-42f3-9a7e-90c7bd24835f,33,Hyundai,Stargazer,2022,D 3031 GH,MPV,Private,640275201.0,Area 2,2026-07-07 06:46:22.740480
34,df169645-f0e9-41df-8903-2df9e6755ada,34,BMW,X1,2025,N 3113 EF,Hatchback,Commercial,1251239174.0,Area 1,2026-07-07 06:46:22.740480
35,c134c4ca-4672-4daf-be34-4b3487feff29,35,BMW,X3,2019,F 1699 GH,SUV,Private,1601345788.0,Area 3,2026-07-07 06:46:22.740480
36,ccbc97ba-b83d-4236-acca-6de426184268,36,Toyota,Fortuner,2025,B 5762 EF,Sedan,Commercial,638396059.0,Area 1,2026-07-07 06:46:22.740480
37,e6cb86c6-10e8-4095-8744-2aa4de1a3395,37,Mitsubishi,Pajero Sport,2025,L 2531 CD,MPV,Commercial,564931228.0,Area 3,2026-07-07 06:46:22.740480
38,a9d32c47-dcd2-49b4-9e97-fd4e667996f7,38,Mercedes,C200,2013,D 2775 EF,MPV,Private,1762258647.0,Area 2,2026-07-07 06:46:22.740480
39,6295b0db-9405-4e24-87d8-c51d35fb3a97,39,Honda,CR-V,2017,N 8967 AB,MPV,Private,319451473.0,Area 2,2026-07-07 06:46:22.740480
40,b7046eb2-f625-4860-bb79-61cb99bbe63b,40,Toyota,Fortuner,2019,D 4497 CD,EV,Private,502700979.0,Area 2,2026-07-07 06:46:22.740480
41,c6b6e549-6eb6-4274-876d-ed2dab0cb5c1,41,Toyota,Innova,2024,L 8756 AB,SUV,Private,646015013.0,Area 1,2026-07-07 06:46:22.740480
42,4f1c5490-1e29-4155-b1fb-0c64b79758bd,42,BMW,X1,2016,DK 3885 AA,Sedan,Private,1144103594.0,Area 2,2026-07-07 06:46:22.740480
43,3be873cf-607f-4320-974e-64dfadf3923c,43,Honda,CR-V,2025,DK 8396 EF,EV,Private,529512597.0,Area 2,2026-07-07 06:46:22.740480
44,06e4c193-17eb-4891-abb2-93532e207bbd,44,Suzuki,Ertiga,2013,L 6603 CD,Sedan,Private,253758131.0,Area 2,2026-07-07 06:46:22.740480
45,6aa70980-910c-498d-a8c1-244694a9f530,45,Mercedes,GLA,2020,DK 3632 EF,Hatchback,Commercial,921327758.0,Area 3,2026-07-07 06:46:22.740480
46,8c2eac12-3f74-453a-bf49-23cfa14bb5a1,46,Mitsubishi,Xpander,2023,DK 3369 CD,Hatchback,Private,300802440.0,Area 2,2026-07-07 06:46:22.740480
47,2f672fd2-ca0e-4d51-90cc-408fbe4d13d1,47,Suzuki,XL7,2025,F 2861 EF,Hatchback,Private,280946000.0,Area 1,2026-07-07 06:46:22.740480
48,b32ae326-2f26-43f9-b196-4d04bd7ad32a,48,Mercedes,E200,2021,B 1597 AB,Sedan,Commercial,1256699240.0,Area 3,2026-07-07 06:46:22.740480
49,ca94f373-5104-4dd4-9561-a563b60b6b19,49,BMW,320i,2017,D 4131 GH,SUV,Commercial,1723788925.0,Area 2,2026-07-07 06:46:22.740480
50,a9d97a01-5c44-4fe5-a9a6-c89c07f43f5d,50,Toyota,Innova,2026,F 9226 AA,MPV,Commercial,402293400.0,Area 2,2026-07-07 06:46:22.740480
51,cafa2738-466b-4430-98fd-c9b028ec246c,51,Daihatsu,Terios,2025,N 7977 GH,Hatchback,Private,187194659.0,Area 2,2026-07-07 06:46:22.740480
52,6242670d-6924-4d47-899c-12263937b4d5,52,BMW,X1,2014,N 3664 GH,MPV,Commercial,1156046409.0,Area 3,2026-07-07 06:46:22.740480
53,ea43521f-17f4-49f0-abfb-4ef59c734ccc,53,BMW,X3,2016,DK 2625 AA,SUV,Private,1547529095.0,Area 1,2026-07-07 06:46:22.740480
54,a3dab90f-57c5-4a92-84a1-ee4ffe96c90d,54,BMW,320i,2019,DK 9924 AA,MPV,Private,1566948303.0,Area 2,2026-07-07 06:46:22.740480
55,947e2d50-df78-43b1-866a-78c05c32430d,55,BMW,320i,2015,L 7243 AA,Sedan,Commercial,1870646897.0,Area 1,2026-07-07 06:46:22.740480
56,eeb9151c-83fe-442c-ac8f-88b6fb6c7188,56,Daihatsu,Terios,2018,DK 7484 AA,Hatchback,Private,276247318.0,Area 2,2026-07-07 06:46:22.740480
57,0d6fede8-3a45-4241-a582-450eedfd110d,57,Hyundai,Ioniq 5,2016,F 7794 AB,SUV,Commercial,285084096.0,Area 1,2026-07-07 06:46:22.740480
58,82c5aa9b-0054-46d4-8fe8-1ee5c260e2d4,58,Toyota,Fortuner,2024,F 9502 GH,Hatchback,Commercial,271488573.0,Area 3,2026-07-07 06:46:22.740480
59,b31e692d-b252-417f-9d1a-e4d86311b04a,59,BMW,320i,2020,L 4156 GH,MPV,Private,1710423299.0,Area 3,2026-07-07 06:46:22.740480
60,6f853094-c633-4407-a0d6-f541e942237e,60,BMW,320i,2022,L 3846 EF,Hatchback,Private,1319656381.0,Area 1,2026-07-07 06:46:22.740480
61,9eef2f86-d539-40bf-8271-b64fb2d745d3,61,Honda,HR-V,2020,B 7422 CD,EV,Private,679329599.0,Area 2,2026-07-07 06:46:22.740480
62,045aef8a-9beb-45b7-a731-86f2dec5ee4d,62,Mitsubishi,Xpander,2013,B 8166 AA,EV,Private,234934852.0,Area 3,2026-07-07 06:46:22.740480
63,a0b03ba3-dbab-46e5-bf6c-87ce3a0a723f,63,Wuling,Almaz,2021,L 1414 AB,MPV,Commercial,290156047.0,Area 1,2026-07-07 06:46:22.740480
64,7d2ec341-9752-42df-8a0f-a6d29f73c005,64,Mitsubishi,Pajero Sport,2015,N 5018 EF,Hatchback,Private,367620619.0,Area 1,2026-07-07 06:46:22.740480
65,ec3bf291-d447-45e8-8b24-534287d980dc,65,Suzuki,Baleno,2012,DK 2694 AA,MPV,Private,188743171.0,Area 1,2026-07-07 06:46:22.740480
66,78979fe3-4a6a-4845-8978-8ebeba588cea,66,Hyundai,Stargazer,2026,D 2520 AA,MPV,Commercial,473308727.0,Area 2,2026-07-07 06:46:22.740480
67,80a797f9-6c81-48d1-abeb-755b13160689,67,Honda,Mobilio,2024,B 7778 AA,MPV,Private,282901788.0,Area 3,2026-07-07 06:46:22.740480
68,af850bf4-8018-49c9-ba45-30cb8ccf26dc,68,BMW,X1,2026,F 8387 AB,Sedan,Commercial,860888052.0,Area 1,2026-07-07 06:46:22.740480
69,eaa443a0-90d1-4397-9fd0-4c1b9acea73a,69,Toyota,Avanza,2017,F 8928 GH,EV,Private,265034052.0,Area 3,2026-07-07 06:46:22.740480
70,f2300a11-946d-4ab0-ba1d-ae51b986d5cb,70,Hyundai,Creta,2015,N 1484 GH,SUV,Private,482257365.0,Area 2,2026-07-07 06:46:22.740480
71,19b38d2c-2549-442e-8263-f42a4520fd18,71,Honda,HR-V,2012,F 3270 AB,SUV,Private,313661573.0,Area 2,2026-07-07 06:46:22.740480
72,77e44a5c-1416-4ccf-8551-9f990f2c3ce7,72,Mercedes,C200,2013,F 5822 EF,MPV,Commercial,1758869225.0,Area 1,2026-07-07 06:46:22.740480
73,1dd0c236-ac5d-47fc-9918-a85be2d4fbd1,73,Hyundai,Creta,2015,DK 5605 EF,SUV,Commercial,427868678.0,Area 1,2026-07-07 06:46:22.740480
74,008298d8-8623-453e-b253-8a376a0256e5,74,Mercedes,GLA,2026,L 7942 GH,Hatchback,Commercial,1130981428.0,Area 3,2026-07-07 06:46:22.740480
75,7dc843ea-d8b8-4341-84ff-4410d16dff91,75,BMW,X1,2015,N 6782 CD,SUV,Commercial,1029582303.0,Area 1,2026-07-07 06:46:22.740480
76,3300b65a-da2c-4c70-bda8-7517fe6d84ff,76,Wuling,Air EV,2021,L 5808 GH,EV,Commercial,403839264.0,Area 1,2026-07-07 06:46:22.740480
77,71af8c82-4fd8-4bb3-aa9e-7d0641b11110,77,Honda,HR-V,2024,F 8035 AB,Hatchback,Private,208998483.0,Area 1,2026-07-07 06:46:22.740480
78,c9f9e38e-49a7-41de-95e2-6dd240bbef5f,78,Daihatsu,Terios,2014,F 3003 AA,Hatchback,Private,332415238.0,Area 2,2026-07-07 06:46:22.740480
79,59464ca5-48e6-4cdd-8e50-ce527fde5198,79,Mitsubishi,Pajero Sport,2021,F 4811 GH,SUV,Commercial,372264242.0,Area 3,2026-07-07 06:46:22.740480
80,91eaa3f4-0aa2-46a7-a7e3-6da09f5895ec,80,Mitsubishi,Xpander,2013,N 5555 GH,SUV,Commercial,586216786.0,Area 2,2026-07-07 06:46:22.740480
81,52d43b2e-25df-427e-8bf4-5a9a8a62b38e,81,Daihatsu,Terios,2015,D 1813 EF,MPV,Private,213662837.0,Area 2,2026-07-07 06:46:22.740480
82,17f0a1c6-b7c3-4e43-8d11-ccb469cce40d,82,Honda,Brio,2019,D 6355 GH,MPV,Private,479459814.0,Area 1,2026-07-07 06:46:22.740480
83,b831ddc6-f7ab-4012-bcec-86b143903b91,83,Hyundai,Creta,2022,N 1076 EF,Hatchback,Private,682514798.0,Area 1,2026-07-07 06:46:22.740480
84,03a28ee9-d8cb-48ee-a1eb-c42cb4937ab3,84,Wuling,Confero,2012,F 1266 AA,MPV,Private,412843770.0,Area 3,2026-07-07 06:46:22.740480
85,8fe6bc5b-f63d-4756-8f6c-0d48c6f56586,85,Hyundai,Stargazer,2017,F 7559 AA,EV,Commercial,780233687.0,Area 3,2026-07-07 06:46:22.740480
86,d73740a7-8381-440e-83d2-b541ebac93fe,86,Toyota,Rush,2016,DK 8447 EF,SUV,Commercial,511773879.0,Area 1,2026-07-07 06:46:22.740480
87,3b98dcfc-3291-4cc3-b9ee-408ca044269a,87,Toyota,Fortuner,2012,B 3273 AA,Hatchback,Commercial,301516036.0,Area 1,2026-07-07 06:46:22.740480
88,51bc3c28-4413-4de9-adfb-60e30a6a46f0,88,Honda,HR-V,2023,F 9807 AA,SUV,Commercial,644228462.0,Area 1,2026-07-07 06:46:22.740480
89,21716830-341a-494e-ab8f-f87128427eb6,89,Honda,Brio,2016,B 5320 CD,EV,Commercial,314907928.0,Area 3,2026-07-07 06:46:22.740480
90,87a3b57a-3990-482b-9936-9b98088d0229,90,Suzuki,Ertiga,2021,L 2964 AB,Hatchback,Private,362141247.0,Area 3,2026-07-07 06:46:22.740480
91,3f6f2ef8-3b24-4ee9-9047-d503e1fa5a46,91,BMW,X3,2019,DK 3004 GH,EV,Private,1470498993.0,Area 2,2026-07-07 06:46:22.740480
92,5fa30b60-2d3c-4967-9d80-1990ae5b4a61,92,Mercedes,GLA,2017,DK 8908 AB,SUV,Commercial,1536158067.0,Area 3,2026-07-07 06:46:22.740480
93,034660b2-f2a2-4490-81cc-cd6b553d7b5a,93,Honda,CR-V,2020,D 4373 AA,SUV,Commercial,202355562.0,Area 1,2026-07-07 06:46:22.740480
94,cb3eee0f-0ade-481b-a75d-3ae7f7176fd2,94,Toyota,Fortuner,2019,L 4078 EF,SUV,Commercial,292024266.0,Area 3,2026-07-07 06:46:22.740480
95,661ded8d-f0ff-4557-b063-a44ab890f4fc,95,Wuling,Confero,2025,F 6108 EF,Sedan,Private,259825704.0,Area 1,2026-07-07 06:46:22.740480
96,0998dd4e-d844-4aea-8f39-257895cfe3b7,96,Daihatsu,Terios,2019,N 9412 AB,MPV,Private,158425224.0,Area 2,2026-07-07 06:46:22.740480
97,7f5baa27-82d9-4bf9-8c62-bfc124b12a53,97,BMW,320i,2022,F 2672 AB,MPV,Private,1649965574.0,Area 1,2026-07-07 06:46:22.740480
98,dfce5bbc-25eb-4dc5-abdd-6f66d471ff89,98,Mitsubishi,Xpander,2026,L 4064 CD,SUV,Commercial,575347072.0,Area 3,2026-07-07 06:46:22.740480
99,9e0133cb-6bbd-45f6-84ae-d3d6d53531e7,99,Mercedes,GLA,2016,B 2377 CD,MPV,Private,1223454085.0,Area 2,2026-07-07 06:46:22.740480
100,34411681-eb0f-4de1-97d1-22d401ba6319,100,Wuling,Air EV,2020,F 1870 EF,Hatchback,Commercial,242512794.0,Area 1,2026-07-07 06:46:22.740480
101,37654eaa-748b-49b7-afe6-b5941969d8a9,101,BMW,X3,2026,L 4177 CD,Sedan,Commercial,1039671239.0,Area 3,2026-07-07 06:46:22.740480
102,8eb9a27a-3f83-4908-8174-7f01ebc5f8e8,102,Hyundai,Ioniq 5,2021,L 9497 EF,SUV,Private,517301847.0,Area 1,2026-07-07 06:46:22.740480
103,d807b0fc-fec0-4afb-9d9e-2dc9e919e788,103,Mitsubishi,Xpander,2012,B 5361 AB,SUV,Private,367886183.0,Area 1,2026-07-07 06:46:22.740480
104,a5a20ff7-9e5c-414b-8e26-de6e99225dad,104,BMW,X1,2018,B 4602 CD,MPV,Private,1033641115.0,Area 1,2026-07-07 06:46:22.740480
105,723f59c7-c3ab-4c90-a0e0-8618f924f8f2,105,Daihatsu,Sigra,2016,DK 5718 AA,SUV,Private,275087499.0,Area 3,2026-07-07 06:46:22.740480
106,1f896ed7-5cc0-4592-b7e9-cc2c0756b5f5,106,Mercedes,E200,2016,DK 4909 AB,Hatchback,Private,1257868394.0,Area 1,2026-07-07 06:46:22.740480
107,a8ed68f3-736a-43db-be17-6e27d8cb08c8,107,Daihatsu,Terios,2014,B 8775 EF,Hatchback,Private,187651332.0,Area 2,2026-07-07 06:46:22.740480
108,6a7180fe-8def-4dd9-ae2e-af852dc9dec1,108,Honda,HR-V,2022,B 6769 EF,EV,Private,432158004.0,Area 1,2026-07-07 06:46:22.740480
109,e6ac53b2-f924-4fdf-ae40-96afeb72dafc,109,Mercedes,C200,2012,B 5762 AB,EV,Private,1214784500.0,Area 1,2026-07-07 06:46:22.740480
110,66b644ab-3729-4704-8c71-f5b4e8a87348,110,Honda,CR-V,2024,DK 6499 EF,MPV,Commercial,462978550.0,Area 2,2026-07-07 06:46:22.740480
111,2834f228-25d6-4c8f-9641-d4def4d7acfd,111,Mercedes,GLA,2017,L 1222 CD,Hatchback,Commercial,1940144104.0,Area 1,2026-07-07 06:46:22.740480
112,40cbcf4b-a707-4367-8b4b-0a6ad0fe7a28,112,Hyundai,Ioniq 5,2020,DK 1339 AB,MPV,Private,402077412.0,Area 2,2026-07-07 06:46:22.740480
113,fe5f7f10-0b9c-45cf-a19a-659a8d3034fa,113,Mercedes,C200,2015,N 8056 CD,Sedan,Private,1316272763.0,Area 2,2026-07-07 06:46:22.740480
114,9a933e52-76f0-4cbc-a038-722fa604910e,114,Honda,CR-V,2026,DK 9927 EF,EV,Private,312436862.0,Area 3,2026-07-07 06:46:22.740480
115,adee9370-cb39-4037-8d05-f00e987f196f,115,Daihatsu,Terios,2018,N 7836 CD,Hatchback,Private,151032690.0,Area 3,2026-07-07 06:46:22.740480
116,5d8a1f05-de2a-41d2-9e9a-4e50d4bd2e83,116,Wuling,Confero,2017,N 3014 EF,MPV,Commercial,344838154.0,Area 1,2026-07-07 06:46:22.740480
117,7e16640d-76e3-410a-aa7b-dc9d1a121539,117,Toyota,Rush,2026,DK 3410 EF,Sedan,Commercial,514897460.0,Area 3,2026-07-07 06:46:22.740480
118,b6bdf7e7-3e12-4a14-8fb1-39a6db4fff23,118,Suzuki,XL7,2019,F 2058 CD,SUV,Commercial,170993262.0,Area 1,2026-07-07 06:46:22.740480
119,44187508-3bad-417b-8de3-b6c731084004,119,Hyundai,Ioniq 5,2013,B 9001 CD,SUV,Commercial,628231483.0,Area 3,2026-07-07 06:46:22.740480
120,b67c7f5c-f556-42b7-8a08-155ce7bd38b4,120,Toyota,Avanza,2016,D 6737 CD,EV,Private,226172758.0,Area 3,2026-07-07 06:46:22.740480
121,ef085c56-5e01-4326-8dc1-18fd5c1507a3,121,Hyundai,Creta,2023,D 8078 GH,SUV,Commercial,484996742.0,Area 1,2026-07-07 06:46:22.740480
122,670050c8-ead9-491c-8dcf-3dcbe88d28c8,122,Mercedes,GLA,2015,DK 7328 EF,MPV,Private,1461053532.0,Area 2,2026-07-07 06:46:22.740480
123,c70cc319-a02b-4e96-84cb-e76127560def,123,Hyundai,Creta,2021,L 6283 GH,Sedan,Private,518457410.0,Area 1,2026-07-07 06:46:22.740480
124,744cc885-fdf8-473d-a884-151accaa796f,124,BMW,X3,2015,F 5997 AA,Hatchback,Commercial,1436081231.0,Area 1,2026-07-07 06:46:22.740480
125,e971b975-25a4-49c0-956f-8fb9836e9f51,125,BMW,X1,2013,D 9627 EF,Hatchback,Commercial,1352917984.0,Area 2,2026-07-07 06:46:22.740480
126,a1273a37-fb58-4bac-8021-471d315baf90,126,BMW,X1,2018,L 8557 AA,EV,Private,1878098940.0,Area 2,2026-07-07 06:46:22.740480
127,d6c67aa8-55d3-4ec2-9b68-fa22658ebe83,127,Honda,HR-V,2021,F 4975 GH,EV,Commercial,238330170.0,Area 3,2026-07-07 06:46:22.740480
128,a6405c4a-7bbc-4758-880d-9b01082b962c,128,Wuling,Confero,2026,F 1877 EF,Sedan,Commercial,193195909.0,Area 2,2026-07-07 06:46:22.740480
129,f6c3a400-6a29-41be-8b58-81ea1f668529,129,Wuling,Air EV,2025,B 2387 AA,Hatchback,Private,369037566.0,Area 3,2026-07-07 06:46:22.740480
130,7481940d-6d21-498a-add0-ac1f62a5ce08,130,Honda,CR-V,2021,L 6428 AA,SUV,Private,546653957.0,Area 1,2026-07-07 06:46:22.740480
131,06d6591f-ee3b-4e1f-a551-f7376afc0bc1,131,Wuling,Almaz,2020,DK 9115 AB,Sedan,Private,351540272.0,Area 3,2026-07-07 06:46:22.740480
132,038be855-5f0d-4a2b-9aba-1bd061ae8524,132,Hyundai,Ioniq 5,2026,B 8945 GH,Sedan,Private,322093245.0,Area 1,2026-07-07 06:46:22.740480
133,ca543d46-fb9f-4725-a297-07d060ce11cb,133,Suzuki,Baleno,2026,B 9516 AA,Sedan,Private,187811798.0,Area 2,2026-07-07 06:46:22.740480
134,7b630521-3240-4b8e-9414-a74462e46631,134,Toyota,Rush,2018,B 2995 CD,MPV,Commercial,278807837.0,Area 1,2026-07-07 06:46:22.740480
135,1d7fea02-e790-4fea-8557-ac80999c3b6f,135,Wuling,Air EV,2025,N 8194 GH,SUV,Commercial,268515421.0,Area 3,2026-07-07 06:46:22.740480
136,ab5b672a-80c7-4103-aefb-fb2a65d21fe8,136,Toyota,Fortuner,2014,DK 4943 AB,EV,Private,435635594.0,Area 2,2026-07-07 06:46:22.740480
137,0f799583-4257-4cde-a78b-6254c26e128a,137,Hyundai,Stargazer,2022,B 9076 CD,Hatchback,Commercial,664271914.0,Area 3,2026-07-07 06:46:22.740480
138,3563513a-aae5-42db-ae89-42b91a1c5bf2,138,Honda,Mobilio,2018,L 3427 AA,Hatchback,Commercial,234492422.0,Area 3,2026-07-07 06:46:22.740480
139,a5ffefdb-9ca8-45fc-a1d3-28f85d3b8b3a,139,BMW,320i,2021,F 1558 GH,MPV,Private,1825073897.0,Area 2,2026-07-07 06:46:22.740480
140,d7411f69-de17-4d7d-a68b-dad593459d07,140,Suzuki,XL7,2026,DK 8509 CD,SUV,Private,256032157.0,Area 3,2026-07-07 06:46:22.740480
141,906ade2a-f7e5-49ac-be35-01af7fb23e5b,141,Wuling,Almaz,2017,DK 9602 EF,EV,Private,283682298.0,Area 3,2026-07-07 06:46:22.740480
142,6418fadf-5385-483e-b7c2-4e2e11c92751,142,Suzuki,XL7,2022,DK 6558 EF,Sedan,Commercial,370711346.0,Area 3,2026-07-07 06:46:22.740480
143,33f9a6a6-973b-4ee0-9812-ac438e13d5c0,143,Hyundai,Stargazer,2013,DK 8925 EF,MPV,Private,868517117.0,Area 3,2026-07-07 06:46:22.740480
144,1c32c833-7688-443e-b84e-930518e59567,144,Wuling,Confero,2020,F 3120 CD,EV,Commercial,406774439.0,Area 1,2026-07-07 06:46:22.740480
145,75e5f888-6231-47eb-9574-dd69cd84030c,145,Toyota,Avanza,2025,DK 3607 AB,SUV,Private,448131532.0,Area 3,2026-07-07 06:46:22.740480
146,4e95369c-e9fc-4f17-bd84-00db1749aaca,146,Mercedes,GLA,2024,D 4876 AA,Sedan,Commercial,1802063720.0,Area 1,2026-07-07 06:46:22.740480
147,052d3a4a-304f-4e06-83b3-e0d7bdfd12b0,147,Toyota,Innova,2013,B 2194 EF,Hatchback,Private,273451639.0,Area 2,2026-07-07 06:46:22.740480
148,c183e564-4e4d-4a8a-96bb-72a15e9bd868,148,Honda,Mobilio,2018,D 4272 AB,Hatchback,Commercial,404888999.0,Area 3,2026-07-07 06:46:22.740480
149,8ffa70d8-1712-4110-b50d-ac19834f6982,149,Hyundai,Creta,2015,DK 3655 EF,EV,Private,342361447.0,Area 3,2026-07-07 06:46:22.740480
150,b6ebd9ae-3145-4a2d-bdcc-3262d9c9da50,150,Toyota,Avanza,2015,B 3302 AA,Hatchback,Commercial,485101068.0,Area 3,2026-07-07 06:46:22.740480
151,c77be538-933e-4707-9e57-9ac1029898a5,151,Honda,CR-V,2014,DK 9653 EF,Sedan,Private,476215098.0,Area 2,2026-07-07 06:46:22.740480
152,146f4b58-cc1b-4321-916c-c05087b28df4,152,Wuling,Air EV,2017,N 3258 AA,MPV,Commercial,391926935.0,Area 1,2026-07-07 06:46:22.740480
153,f7eb49df-69b1-4f5f-ad56-284adfe9e4c6,153,Honda,HR-V,2024,N 5886 AA,SUV,Commercial,293788208.0,Area 1,2026-07-07 06:46:22.740480
154,e631a3ef-9eb6-4a96-9505-efdf7b6e3a1a,154,Wuling,Air EV,2012,D 5749 CD,MPV,Commercial,226481891.0,Area 1,2026-07-07 06:46:22.740480
155,cc94ceab-2664-48d1-9b3e-e62aaf334adf,155,Hyundai,Creta,2020,N 4955 GH,EV,Commercial,678658847.0,Area 3,2026-07-07 06:46:22.740480
156,591fa7f3-2e0f-4bea-8e30-5f92f47ce01c,156,Toyota,Avanza,2021,L 5309 AA,SUV,Commercial,406240463.0,Area 2,2026-07-07 06:46:22.740480
157,d5683b28-3b46-4461-9d6e-638313ca5040,157,Mitsubishi,Pajero Sport,2026,B 3282 AB,EV,Commercial,716162276.0,Area 3,2026-07-07 06:46:22.740480
158,d2de3749-13cd-4a67-a982-624338e713eb,158,Toyota,Fortuner,2019,B 1579 CD,SUV,Commercial,501128061.0,Area 3,2026-07-07 06:46:22.740480
159,bac8daf9-f004-4c1d-ac48-5939b4d44d31,159,Honda,Mobilio,2014,F 1683 AA,SUV,Commercial,442517966.0,Area 1,2026-07-07 06:46:22.740480
160,c1025dca-747d-4091-a976-6be99e4a2b17,160,Daihatsu,Terios,2019,F 4731 AA,SUV,Private,347665222.0,Area 1,2026-07-07 06:46:22.740480
161,fa61cf1b-a485-4d00-aeb3-660b7631cfd7,161,Wuling,Confero,2025,L 1296 GH,MPV,Private,397836039.0,Area 2,2026-07-07 06:46:22.740480
162,47e4977e-ab43-4cda-89c1-5d9adf3fe72c,162,Suzuki,XL7,2023,L 3257 AA,MPV,Private,325263147.0,Area 2,2026-07-07 06:46:22.740480
163,36c4d4f9-1985-430a-bb9c-c655ad62deca,163,Daihatsu,Xenia,2017,L 1949 AB,Sedan,Private,298005800.0,Area 1,2026-07-07 06:46:22.740480
164,ad72611b-5d23-45ad-a62a-9bdc9305aba1,164,Mitsubishi,Pajero Sport,2023,N 1750 AA,Sedan,Private,261130582.0,Area 1,2026-07-07 06:46:22.740480
165,80f2d895-1db8-4baa-bdd4-ab0de1264972,165,Suzuki,XL7,2014,F 1716 CD,Hatchback,Private,238493943.0,Area 1,2026-07-07 06:46:22.740480
166,a3c4e66b-d543-4562-9794-ceb5e696194c,166,BMW,X1,2022,B 2258 AA,Hatchback,Private,1381426239.0,Area 3,2026-07-07 06:46:22.740480
167,9eb6920c-8846-4c29-a5ec-b89c64819950,167,Daihatsu,Xenia,2019,DK 5959 CD,EV,Commercial,315461190.0,Area 1,2026-07-07 06:46:22.740480
168,24538fa8-fc6e-462b-95dd-0b1497e286cb,168,Wuling,Air EV,2017,DK 9870 GH,SUV,Private,376098491.0,Area 2,2026-07-07 06:46:22.740480
169,4f52b6ec-34c6-4a5c-8b58-551895e39ac3,169,Mercedes,GLA,2013,D 3246 GH,Sedan,Commercial,1352624349.0,Area 1,2026-07-07 06:46:22.740480
170,f53c439c-20d0-414a-af9e-0818b1eaace9,170,Daihatsu,Sigra,2025,D 1587 AB,MPV,Commercial,170665701.0,Area 1,2026-07-07 06:46:22.740480
171,5a7faa0f-a772-486f-bf41-df487594d640,171,Mercedes,C200,2016,F 7294 CD,SUV,Private,1499346543.0,Area 3,2026-07-07 06:46:22.740480
172,0cf712eb-7b8f-436a-8e6f-ff29426b655b,172,BMW,X1,2012,L 7302 EF,SUV,Private,1070901039.0,Area 2,2026-07-07 06:46:22.740480
173,c53d3a24-aa54-4a44-ac54-9ed7453c957d,173,Suzuki,Baleno,2018,N 1856 CD,SUV,Commercial,166977200.0,Area 3,2026-07-07 06:46:22.740480
174,6313b7a9-926a-4e7a-be0d-181db2698852,174,Daihatsu,Terios,2024,N 4547 AA,Hatchback,Commercial,254769361.0,Area 3,2026-07-07 06:46:22.740480
175,4015de0d-f948-4977-b04d-4954568d134f,175,Toyota,Avanza,2020,L 5709 GH,MPV,Commercial,487413654.0,Area 3,2026-07-07 06:46:22.740480
176,530abea1-2d26-4db2-bd1d-80e57ab208f4,176,Wuling,Air EV,2014,L 8656 AB,Sedan,Private,340699732.0,Area 3,2026-07-07 06:46:22.740480
177,07b4b52c-e572-4f44-8821-3ed1a5fceb88,177,Hyundai,Creta,2015,N 5846 CD,EV,Commercial,291453097.0,Area 3,2026-07-07 06:46:22.740480
178,ba90b4cb-c606-45fb-afca-5e4145893c5d,178,Hyundai,Stargazer,2016,DK 5104 GH,SUV,Private,579526162.0,Area 3,2026-07-07 06:46:22.740480
179,8f9d6ba4-fd89-4cf1-a058-75decf37da0f,179,Daihatsu,Terios,2025,D 8271 EF,SUV,Commercial,142381210.0,Area 2,2026-07-07 06:46:22.740480
180,3a38e6a7-de60-4244-a4ce-98bf6123562e,180,Toyota,Innova,2019,DK 4569 EF,SUV,Private,328415636.0,Area 3,2026-07-07 06:46:22.740480
181,92ede3c2-75c7-46c7-87be-c769943ee721,181,Wuling,Air EV,2013,L 3945 CD,Hatchback,Commercial,455712945.0,Area 1,2026-07-07 06:46:22.740480
182,583c8d19-e21a-41bb-b68a-2826875a76e4,182,Mitsubishi,Xpander,2014,N 1812 AB,SUV,Private,318921414.0,Area 3,2026-07-07 06:46:22.740480
183,2426d24d-f171-4b78-87b2-734d8fba535f,183,Wuling,Air EV,2021,F 1687 GH,Sedan,Private,329078958.0,Area 2,2026-07-07 06:46:22.740480
184,87962daf-24c0-4482-bec0-3f387dae681d,184,Toyota,Innova,2020,DK 1732 GH,Sedan,Commercial,238606699.0,Area 1,2026-07-07 06:46:22.740480
185,578b6cf1-2840-4500-a90e-3b2e52c12be0,185,Wuling,Air EV,2013,N 2268 AB,Sedan,Commercial,496212856.0,Area 2,2026-07-07 06:46:22.740480
186,cedd7ab3-e9b9-4d06-86df-cf72b0e79259,186,BMW,320i,2022,L 5638 AB,SUV,Commercial,1501725570.0,Area 2,2026-07-07 06:46:22.740480
187,87d91f66-e132-48d5-abb1-44dd5aa62b6a,187,Daihatsu,Terios,2026,DK 7139 EF,Hatchback,Private,183033645.0,Area 2,2026-07-07 06:46:22.740480
188,0b8b5d14-2bf2-4812-baa3-e381ff23e0ca,188,Toyota,Innova,2026,D 1418 AA,EV,Private,613810065.0,Area 2,2026-07-07 06:46:22.740480
189,ecc4f442-42dc-47a9-a687-4dab4317509d,189,Wuling,Confero,2024,DK 9326 GH,Hatchback,Private,393388009.0,Area 3,2026-07-07 06:46:22.740480
190,6e662bf0-8d04-403a-90eb-c2f696e1c4a8,190,Toyota,Fortuner,2018,DK 2285 AA,Sedan,Commercial,469355911.0,Area 3,2026-07-07 06:46:22.740480
191,814f64a8-afab-45fa-b097-debab084012c,191,Honda,Brio,2021,L 9592 GH,MPV,Commercial,314516373.0,Area 1,2026-07-07 06:46:22.740480
192,140ad42e-ca39-477e-9d97-e0d67c5b7891,192,Hyundai,Creta,2017,D 6930 AB,MPV,Commercial,373927974.0,Area 3,2026-07-07 06:46:22.740480
193,5a090149-d292-4c82-81fd-92cbfb7c99a7,193,Mitsubishi,Pajero Sport,2023,L 6929 AA,Hatchback,Private,711041200.0,Area 2,2026-07-07 06:46:22.740480
194,95d27b79-743f-4990-9d87-5947925089d8,194,Mercedes,E200,2015,L 7862 AB,EV,Private,1426013075.0,Area 2,2026-07-07 06:46:22.740480
195,b5e0bba3-a138-4934-9e52-ec58ba2a2d6a,195,Suzuki,Baleno,2016,F 6596 CD,SUV,Private,269656632.0,Area 2,2026-07-07 06:46:22.740480
196,2254829b-5091-4230-9b00-b778e0c11488,196,Wuling,Almaz,2021,L 4245 AB,MPV,Private,279534471.0,Area 1,2026-07-07 06:46:22.740480
197,816a5fd1-6d32-4c39-91d6-2c2586361a23,197,BMW,X1,2024,N 8698 AA,Sedan,Private,1745348812.0,Area 2,2026-07-07 06:46:22.740480
198,d697b211-e9d0-4e40-bb47-13ca9afc554b,198,Toyota,Fortuner,2013,D 9436 GH,MPV,Commercial,370249750.0,Area 1,2026-07-07 06:46:22.740480
199,c5ad1f75-0837-4997-b7f7-7051aa0750fa,199,BMW,X3,2020,D 5806 AA,Hatchback,Commercial,1485094668.0,Area 3,2026-07-07 06:46:22.740480
200,4929af47-cdd5-440c-8e3d-d4cb650c5632,200,Honda,Brio,2013,DK 6815 EF,MPV,Commercial,567658930.0,Area 2,2026-07-07 06:46:22.740480
201,ac531efb-f94d-4307-9cf5-926e635e8b05,201,Hyundai,Stargazer,2023,D 4005 GH,EV,Private,413484058.0,Area 1,2026-07-07 06:46:22.740480
202,35c6c872-c98a-43cc-b522-34fb4ad3dc4b,202,Daihatsu,Sigra,2022,L 7215 CD,MPV,Private,276544309.0,Area 3,2026-07-07 06:46:22.740480
203,56148420-c196-4c5c-adfd-8e7c4b6f84c4,203,Hyundai,Creta,2015,F 9082 CD,SUV,Commercial,556292586.0,Area 2,2026-07-07 06:46:22.740480
204,467829d3-1dbc-4fdd-ba4d-a32ca604ab4f,204,BMW,X1,2024,D 3346 AA,Sedan,Commercial,1407416931.0,Area 2,2026-07-07 06:46:22.740480
205,592efa47-7fda-4c72-8770-f848811b12df,205,Daihatsu,Xenia,2017,F 3713 AA,Hatchback,Commercial,270630282.0,Area 2,2026-07-07 06:46:22.740480
206,7b88a862-53ea-4657-bca2-620159e4e5fe,206,Mitsubishi,Xpander,2016,F 2738 AB,Hatchback,Private,271526731.0,Area 1,2026-07-07 06:46:22.740480
207,a91ae6f2-8132-458a-8579-e0c21640ef95,207,Wuling,Confero,2024,D 1448 GH,SUV,Private,193578303.0,Area 2,2026-07-07 06:46:22.740480
208,f965dce4-471a-4f74-82f2-cfee60894268,208,Toyota,Innova,2015,F 7987 EF,EV,Private,626160028.0,Area 2,2026-07-07 06:46:22.740480
209,b89954f3-aea5-4ebe-a380-74a558db721d,209,Hyundai,Creta,2023,DK 2965 EF,MPV,Commercial,532454804.0,Area 1,2026-07-07 06:46:22.740480
210,86dff665-0eec-4307-8d4d-ddd15ce519ab,210,Suzuki,XL7,2023,DK 2908 CD,SUV,Private,355249640.0,Area 1,2026-07-07 06:46:22.740480
211,4fcbb6f2-8c2c-4c65-bc5b-ff63485301cd,211,Daihatsu,Xenia,2020,F 5523 EF,EV,Private,329732810.0,Area 3,2026-07-07 06:46:22.740480
212,03beb6e1-0102-4ace-9661-8417d35fa3e0,212,Daihatsu,Xenia,2018,B 9540 CD,Sedan,Private,310321533.0,Area 3,2026-07-07 06:46:22.740480
213,9dc2362f-8629-49b3-a62b-a77e84a3f777,213,Toyota,Fortuner,2014,N 7163 AB,Sedan,Commercial,432391288.0,Area 1,2026-07-07 06:46:22.740480
214,1d12b5c2-80b3-4460-8eff-502c4e7ea806,214,Mercedes,C200,2023,L 5630 AB,Sedan,Private,1359967549.0,Area 1,2026-07-07 06:46:22.740480
215,3a749a44-8777-4a2a-a1f5-403650d6dc79,215,BMW,320i,2019,N 4416 AB,SUV,Commercial,1588714681.0,Area 2,2026-07-07 06:46:22.740480
216,de2c0943-13cc-42f6-825b-631d38159eb8,216,BMW,X3,2021,D 6713 EF,EV,Private,1792626833.0,Area 2,2026-07-07 06:46:22.740480
217,57a6cfba-f6bd-43e4-a1f0-8cfa8a272bfc,217,Mitsubishi,Pajero Sport,2022,L 9031 EF,EV,Commercial,511742800.0,Area 2,2026-07-07 06:46:22.740480
218,b8b43f69-6f82-462e-ba29-534bc6921451,218,Hyundai,Creta,2015,B 5706 EF,MPV,Commercial,515639711.0,Area 3,2026-07-07 06:46:22.740480
219,7312ab00-cca1-4563-a565-776f5c704ca3,219,BMW,320i,2014,L 6224 AA,Hatchback,Commercial,1606793425.0,Area 1,2026-07-07 06:46:22.740480
220,d19b0873-6332-420c-a499-582dc651fe07,220,Mercedes,GLA,2021,L 4847 AA,Hatchback,Commercial,1989820909.0,Area 1,2026-07-07 06:46:22.740480
221,19b16afc-ded0-422a-9a8f-20d6be4d9c7b,221,BMW,320i,2020,F 5286 CD,MPV,Commercial,1718689928.0,Area 2,2026-07-07 06:46:22.740480
222,7529333e-48aa-435c-aebc-ab45dc473b37,222,BMW,X1,2016,B 5396 EF,Sedan,Commercial,1533185620.0,Area 1,2026-07-07 06:46:22.740480
223,2d814a93-1dc9-4e68-b6f7-c9e214cfd075,223,Hyundai,Stargazer,2018,D 3728 GH,Sedan,Private,603995690.0,Area 1,2026-07-07 06:46:22.740480
224,123752b1-6b2e-4341-a1b4-e12074aec025,224,Wuling,Almaz,2023,B 7212 AA,Hatchback,Commercial,486832810.0,Area 1,2026-07-07 06:46:22.740480
225,cb12923e-1338-41ae-b997-23cf0bbb18f2,225,Toyota,Fortuner,2017,N 4251 AB,EV,Commercial,641560181.0,Area 3,2026-07-07 06:46:22.740480
226,6be08138-36a9-4589-a35e-f6a21cc319dc,226,Mitsubishi,Pajero Sport,2024,D 7125 CD,MPV,Private,516863397.0,Area 3,2026-07-07 06:46:22.740480
227,33e0e82b-d714-44db-b3ab-90be2488605c,227,Mitsubishi,Xpander,2012,B 9627 AA,EV,Commercial,644849285.0,Area 2,2026-07-07 06:46:22.740480
228,592b3988-9fc4-4ba7-a732-0e8b189c2d5c,228,Toyota,Fortuner,2016,F 1397 AB,Sedan,Private,326274904.0,Area 3,2026-07-07 06:46:22.740480
229,811491f8-a7b4-43c1-9d48-e91230444e6f,229,Honda,Mobilio,2022,L 3149 CD,SUV,Private,209669522.0,Area 3,2026-07-07 06:46:22.740480
230,d903e56c-3fb0-4673-b6dc-77f2bf1b40e4,230,BMW,320i,2012,DK 9875 GH,Sedan,Private,1640138040.0,Area 3,2026-07-07 06:46:22.740480
231,bc8e2128-7552-4137-b5e6-415e9db249eb,231,BMW,320i,2025,N 6114 CD,MPV,Private,1174435363.0,Area 2,2026-07-07 06:46:22.740480
232,e760d7a3-d8a7-4d8f-ac19-2fc59dd7ca22,232,Mercedes,C200,2013,F 8723 EF,Hatchback,Commercial,1099849971.0,Area 1,2026-07-07 06:46:22.740480
233,da7c8b54-b1b5-4869-8d56-20c62e7b17be,233,BMW,X3,2016,L 5659 GH,EV,Private,1260607831.0,Area 1,2026-07-07 06:46:22.740480
234,ef085c78-88df-4aba-8b35-4e99ec028f0d,234,Mercedes,E200,2018,F 9955 AA,MPV,Private,953454883.0,Area 2,2026-07-07 06:46:22.740480
235,09438978-47f8-41fc-ae14-8d0dce2da777,235,Mitsubishi,Pajero Sport,2017,L 2785 CD,Hatchback,Private,654694062.0,Area 3,2026-07-07 06:46:22.740480
236,da365563-d115-48e2-95fb-27f426863e21,236,Honda,Brio,2020,D 4402 EF,EV,Private,215037444.0,Area 1,2026-07-07 06:46:22.740480
237,cb221129-32ec-4724-afa3-1a9aca63d83d,237,BMW,X3,2025,L 9575 GH,Sedan,Private,1673998576.0,Area 2,2026-07-07 06:46:22.740480
238,d0815f5d-c834-4992-807d-4ca1cd8ca05c,238,Hyundai,Stargazer,2016,DK 6535 AB,SUV,Commercial,856999525.0,Area 3,2026-07-07 06:46:22.740480
239,ecd322c1-90cc-4685-bf6f-467d4c5bee10,239,BMW,320i,2016,DK 4427 GH,MPV,Commercial,1186098559.0,Area 3,2026-07-07 06:46:22.740480
240,01423a0b-1b2f-4dd0-b363-e4ef3d983e67,240,Mitsubishi,Pajero Sport,2019,DK 8913 GH,EV,Private,714581801.0,Area 1,2026-07-07 06:46:22.740480
241,c6bebfbf-0a1e-49c7-8764-c1107c5cdda5,241,BMW,X3,2013,L 3085 AA,Sedan,Private,1028452642.0,Area 1,2026-07-07 06:46:22.740480
242,8b75529f-b0e2-4cba-aa6f-176b28dc2de1,242,Mercedes,C200,2012,L 9113 AB,EV,Commercial,1200358637.0,Area 3,2026-07-07 06:46:22.740480
243,6f068c8c-da31-459f-b434-55a8c6135f43,243,Wuling,Air EV,2018,B 5861 AA,MPV,Commercial,335549800.0,Area 3,2026-07-07 06:46:22.740480
244,0d3d1988-d8e8-4198-bbb3-ac12af699a17,244,Daihatsu,Sigra,2026,F 3718 AB,Hatchback,Private,304819321.0,Area 3,2026-07-07 06:46:22.740480
245,ac682c81-1554-4d68-8efd-69c3e2c54213,245,Daihatsu,Sigra,2021,F 8735 EF,Sedan,Commercial,340457998.0,Area 3,2026-07-07 06:46:22.740480
246,877a7d2d-6c12-4999-9d32-99d42f916d5a,246,Suzuki,Ertiga,2020,DK 8763 AA,Hatchback,Commercial,208110554.0,Area 1,2026-07-07 06:46:22.740480
247,2cf87132-a92a-4732-8fa1-972a1fcc77db,247,Mercedes,C200,2012,F 4074 AB,SUV,Commercial,1610892528.0,Area 1,2026-07-07 06:46:22.740480
248,156415a8-1b73-40ee-a4cf-535710809d9f,248,Toyota,Rush,2021,D 2093 CD,EV,Private,365197617.0,Area 3,2026-07-07 06:46:22.740480
249,008102d0-e40a-4dbb-89ec-ec8a580cdbc1,249,Toyota,Fortuner,2016,F 7982 GH,Hatchback,Commercial,515276387.0,Area 2,2026-07-07 06:46:22.740480
250,6d6347cf-fb56-4c61-9679-bcc3def2c1cd,250,Hyundai,Ioniq 5,2020,DK 4319 AA,EV,Private,360569940.0,Area 3,2026-07-07 06:46:22.740480
251,1b4fc7b0-56d4-42cd-9db7-2e5aa3ee3e4b,251,Mitsubishi,Pajero Sport,2014,F 2676 AB,EV,Commercial,397253403.0,Area 3,2026-07-07 06:46:22.740480
252,a067cfbe-8e20-4142-8ed2-06de30e9160d,252,Hyundai,Ioniq 5,2025,N 8756 AB,Sedan,Private,498926679.0,Area 1,2026-07-07 06:46:22.740480
253,d1ee065c-c5fd-4464-955d-111169ac23cb,253,Honda,HR-V,2014,D 8790 AA,Hatchback,Private,651011285.0,Area 1,2026-07-07 06:46:22.740480
254,57c053c8-faf3-45e9-941c-fea054804a5f,254,Suzuki,Baleno,2024,L 7969 EF,Hatchback,Commercial,294318419.0,Area 1,2026-07-07 06:46:22.740480
255,91909eaa-03ee-4b95-a01a-1f27997082c5,255,Mitsubishi,Pajero Sport,2018,L 8773 CD,Hatchback,Commercial,504909613.0,Area 1,2026-07-07 06:46:22.740480
256,65fbde76-1e86-4fa6-9f2b-73047d8d2f98,256,Mitsubishi,Xpander,2022,F 3341 EF,EV,Commercial,483116946.0,Area 3,2026-07-07 06:46:22.740480
257,a8e3e8e5-48a1-4289-bcd6-7f1df0a943d3,257,Hyundai,Ioniq 5,2013,N 8133 CD,Sedan,Private,642653615.0,Area 2,2026-07-07 06:46:22.740480
258,201b3bf1-fa8d-45e6-ba49-473ac446b05d,258,Daihatsu,Sigra,2018,D 4129 EF,Hatchback,Private,340689995.0,Area 1,2026-07-07 06:46:22.740480
259,352dcdd4-14cb-46bc-9e20-328254f50feb,259,Mitsubishi,Pajero Sport,2017,N 4193 AA,EV,Commercial,396336081.0,Area 1,2026-07-07 06:46:22.740480
260,81a14b88-8b34-4c8c-a7f5-2ec2bf613082,260,Daihatsu,Terios,2020,B 5473 AA,Hatchback,Commercial,246916233.0,Area 1,2026-07-07 06:46:22.740480
261,f72e3741-6e53-4acd-ab3c-61b8bb705031,261,Hyundai,Stargazer,2022,B 1498 EF,EV,Commercial,776456141.0,Area 1,2026-07-07 06:46:22.740480
262,251af484-28f9-4ae1-ba42-8880f6e65b14,262,Mercedes,E200,2025,DK 9938 AA,SUV,Commercial,961926918.0,Area 3,2026-07-07 06:46:22.740480
263,8c1b4a1c-4e65-40ca-b37d-fcc3aa87551f,263,Suzuki,Baleno,2023,D 3156 AA,MPV,Private,175045268.0,Area 2,2026-07-07 06:46:22.740480
264,420ce03f-e9f8-4231-b2bd-0dfffbcca95d,264,Toyota,Innova,2013,N 5546 AB,EV,Private,358598155.0,Area 3,2026-07-07 06:46:22.740480
265,6ed806e7-055e-42f6-9c01-c23b600dbc24,265,Daihatsu,Sigra,2014,N 7000 GH,SUV,Commercial,251770812.0,Area 3,2026-07-07 06:46:22.740480
266,103e4738-7498-4f0d-be39-57d8f4948dcf,266,Toyota,Avanza,2015,N 3416 CD,SUV,Private,418047957.0,Area 1,2026-07-07 06:46:22.740480
267,bd5c9fbc-4e22-424b-988c-9d19af40ed2d,267,Hyundai,Ioniq 5,2015,DK 9281 EF,Sedan,Private,584110361.0,Area 2,2026-07-07 06:46:22.740480
268,2dee3b1b-2189-49c4-9d29-4722f6928fb7,268,Wuling,Air EV,2013,F 8639 GH,SUV,Commercial,237331591.0,Area 1,2026-07-07 06:46:22.740480
269,2a0f4804-9fb7-4dc5-8051-095885c4310f,269,Honda,HR-V,2023,B 4041 CD,EV,Private,581631047.0,Area 1,2026-07-07 06:46:22.740480
270,acf000a0-eac0-416e-a9f3-718d2115f738,270,Toyota,Fortuner,2022,F 8542 AA,Sedan,Commercial,629526483.0,Area 3,2026-07-07 06:46:22.740480
271,e9d768df-08cd-42ba-9799-a5896337edce,271,Mitsubishi,Xpander,2016,B 7214 CD,Sedan,Commercial,295390673.0,Area 3,2026-07-07 06:46:22.740480
272,3a421e00-0afa-45bd-b5e6-e23e53cc5e37,272,Daihatsu,Terios,2015,D 5469 AB,Sedan,Commercial,209619833.0,Area 3,2026-07-07 06:46:22.740480
273,e80be068-87e2-447d-a050-88aa90987bd0,273,Mercedes,GLA,2013,L 6818 GH,Hatchback,Commercial,1865665719.0,Area 3,2026-07-07 06:46:22.740480
274,3c50500b-7728-451c-b650-c6b1c1aff489,274,Suzuki,Ertiga,2025,N 7318 AB,EV,Private,348492012.0,Area 2,2026-07-07 06:46:22.740480
275,c3682bf1-7bef-4717-a7a1-ce8aedfc6536,275,Daihatsu,Sigra,2024,DK 5729 AB,Hatchback,Commercial,164362530.0,Area 3,2026-07-07 06:46:22.740480
276,ea47da47-31bd-4590-8464-ea8a03987e16,276,Mitsubishi,Pajero Sport,2015,L 5273 AA,SUV,Private,475126331.0,Area 1,2026-07-07 06:46:22.740480
277,b4826472-c15b-459c-8ada-6b75fe6b0224,277,Mercedes,E200,2017,F 7191 GH,SUV,Commercial,1124654637.0,Area 3,2026-07-07 06:46:22.740480
278,074bd334-bc1b-49bf-8122-6446f244dc41,278,Daihatsu,Xenia,2014,L 8790 CD,Hatchback,Private,190227365.0,Area 2,2026-07-07 06:46:22.740480
279,f105b39a-f811-40d7-9b46-b615b61ea2c9,279,Hyundai,Creta,2019,N 4050 AA,MPV,Commercial,887346037.0,Area 3,2026-07-07 06:46:22.740480
280,5aefcb4b-fbe7-44a5-9768-58e4ca12d528,280,BMW,X3,2018,L 4990 CD,Hatchback,Commercial,1368142267.0,Area 3,2026-07-07 06:46:22.741504
281,187f87c1-6258-46a1-9de5-e869b11f6aec,281,BMW,X1,2012,D 9306 AA,MPV,Commercial,1681153961.0,Area 2,2026-07-07 06:46:22.741504
282,b8b4a4f3-1180-405c-af72-e43723a00c5d,282,BMW,X3,2012,D 9391 AB,Hatchback,Private,1871658769.0,Area 3,2026-07-07 06:46:22.741504
283,654ea0fa-448c-4487-85aa-c4644f72dd49,283,Suzuki,Ertiga,2022,F 1881 AA,Hatchback,Private,375148232.0,Area 2,2026-07-07 06:46:22.741504
284,c82c6319-8ba9-4688-b81f-26766e806d95,284,Mercedes,GLA,2014,L 1013 AB,Sedan,Private,1546998887.0,Area 2,2026-07-07 06:46:22.741504
285,fd706386-82de-4f0c-b279-72fe06f459b9,285,Honda,HR-V,2015,D 8152 AA,Sedan,Private,537602802.0,Area 3,2026-07-07 06:46:22.741504
286,0772e624-3444-4c76-b448-16b98dfe6af5,286,Daihatsu,Xenia,2019,D 6647 AA,MPV,Commercial,327577261.0,Area 1,2026-07-07 06:46:22.741504
287,fae7889c-484c-4c89-a3b1-a58a57695c43,287,Mercedes,E200,2018,L 4977 AA,MPV,Private,1583665803.0,Area 1,2026-07-07 06:46:22.741504
288,473bb9d0-980d-4ab4-8d74-0519aaf09bd7,288,BMW,X1,2026,F 7956 GH,MPV,Private,1222445806.0,Area 2,2026-07-07 06:46:22.741504
289,bda24041-8d54-4d8b-87a1-6b02202b72bf,289,Toyota,Fortuner,2026,N 3918 AB,Hatchback,Commercial,362456088.0,Area 3,2026-07-07 06:46:22.741504
290,d74b4df7-2365-405b-a448-16aab3925d6c,290,Toyota,Rush,2026,B 4769 AB,MPV,Private,203755420.0,Area 1,2026-07-07 06:46:22.741504
291,b3beb484-e17b-48ea-b445-1cf8afff8182,291,Hyundai,Stargazer,2013,F 7292 AB,MPV,Private,555977902.0,Area 2,2026-07-07 06:46:22.741504
292,66da5990-7be5-4160-b363-5da0162be6c2,292,BMW,X3,2025,L 1570 CD,MPV,Private,1025602826.0,Area 2,2026-07-07 06:46:22.741504
293,38b16a62-19ec-4c4f-bf2d-2bd93ae4da9a,293,Wuling,Almaz,2019,B 6673 AA,MPV,Private,276373822.0,Area 2,2026-07-07 06:46:22.741504
294,3e20df02-e74e-40c3-8398-930e5d1af292,294,Suzuki,Baleno,2020,L 8449 AA,MPV,Commercial,273402455.0,Area 1,2026-07-07 06:46:22.741504
295,81241f74-e52c-4844-bf9c-612b0598c412,295,Hyundai,Stargazer,2016,DK 2899 GH,MPV,Commercial,758467523.0,Area 3,2026-07-07 06:46:22.741504
296,4f217492-d1bf-4933-9bd1-98e2bbc24f1d,296,Daihatsu,Sigra,2017,B 3930 EF,EV,Commercial,321118478.0,Area 1,2026-07-07 06:46:22.741504
297,f419970a-fef8-49e1-a870-71a666a4e043,297,Suzuki,Ertiga,2017,DK 5224 AB,EV,Commercial,276739371.0,Area 1,2026-07-07 06:46:22.741504
298,0b341261-165f-4ef0-a1f8-6b820d39b19b,298,Mercedes,GLA,2012,B 9021 EF,Hatchback,Private,1693058021.0,Area 2,2026-07-07 06:46:22.741504
299,e0a5473e-8fdd-4765-b19c-5521ddf2ae76,299,BMW,X1,2022,F 1385 GH,Hatchback,Private,1164863712.0,Area 2,2026-07-07 06:46:22.741504
300,a9f2a99f-355a-4d7e-93a8-9a51112e84ca,300,BMW,320i,2019,F 5877 AA,EV,Private,1233588343.0,Area 3,2026-07-07 06:46:22.741504
301,87469907-5f09-4e5c-8b20-794ed90694a9,301,Toyota,Rush,2015,D 2377 GH,SUV,Private,570191018.0,Area 1,2026-07-07 06:46:22.741504
302,7ea75e57-3a0c-4d5d-9765-8868644ed5b3,302,Mercedes,GLA,2026,F 6658 EF,EV,Private,1884448542.0,Area 1,2026-07-07 06:46:22.741504
303,89975a9a-36c6-4ebb-9520-2cab86aece67,303,Honda,CR-V,2017,B 3404 GH,SUV,Commercial,445217359.0,Area 3,2026-07-07 06:46:22.741504
304,d65f215d-2a31-4bf4-a105-ef69b92d6b5e,304,Honda,CR-V,2026,DK 5947 EF,MPV,Private,268746855.0,Area 3,2026-07-07 06:46:22.741504
305,2586eb84-031d-4b01-8ecc-cd8706166e0f,305,Hyundai,Ioniq 5,2022,DK 2298 EF,SUV,Private,862993971.0,Area 2,2026-07-07 06:46:22.741504
306,5fb24416-eb5e-4a53-b247-8bb32541f249,306,Hyundai,Ioniq 5,2020,N 4993 AA,Hatchback,Commercial,481079186.0,Area 2,2026-07-07 06:46:22.741504
307,f27e4b98-83f4-49a1-af3b-30235adf9afd,307,Hyundai,Ioniq 5,2023,D 5535 GH,SUV,Commercial,444626885.0,Area 3,2026-07-07 06:46:22.741504
308,a1d753fc-32ef-4d79-986a-7c31009ec95e,308,Hyundai,Stargazer,2012,L 4393 AA,MPV,Private,545030606.0,Area 2,2026-07-07 06:46:22.741504
309,f8330e2d-75ce-49c8-b94b-77d30c80549d,309,Mercedes,E200,2024,DK 6212 AA,Sedan,Private,938811306.0,Area 3,2026-07-07 06:46:22.741504
310,9302fde9-6e01-4072-8f51-e137b7c49f11,310,Daihatsu,Xenia,2013,N 5715 GH,MPV,Commercial,310395488.0,Area 3,2026-07-07 06:46:22.741504
311,62741f35-2b96-46bc-a2fe-678bf9d86725,311,Daihatsu,Sigra,2018,L 1205 CD,Hatchback,Commercial,232976998.0,Area 2,2026-07-07 06:46:22.741504
312,662dc86f-c074-409d-b66e-210733c151c7,312,Suzuki,XL7,2025,DK 9175 AB,EV,Private,340653290.0,Area 2,2026-07-07 06:46:22.741504
313,2515ac4f-9bce-4aed-af00-dcc81db1d7ff,313,Hyundai,Stargazer,2012,DK 2287 EF,EV,Commercial,339219358.0,Area 1,2026-07-07 06:46:22.741504
314,9c2b494b-1d51-46e9-baea-c971657daccd,314,Wuling,Air EV,2016,F 6166 EF,MPV,Private,273698441.0,Area 3,2026-07-07 06:46:22.741504
315,cdc0811d-635e-4224-ac15-86b0cb11ff5f,315,Suzuki,Baleno,2017,N 8070 EF,SUV,Commercial,309368087.0,Area 3,2026-07-07 06:46:22.741504
316,19dee5a8-50cb-4c75-a234-45493f0c4778,316,Mercedes,C200,2018,N 3157 EF,EV,Private,1108262579.0,Area 2,2026-07-07 06:46:22.741504
317,ce9f8aab-768d-43f4-9048-05af767da74a,317,Mitsubishi,Xpander,2013,N 5740 AB,Sedan,Commercial,515316773.0,Area 2,2026-07-07 06:46:22.741504
318,7f1457c5-cd03-402c-9223-6a481b4a0513,318,Daihatsu,Xenia,2018,N 5569 CD,Hatchback,Private,318304110.0,Area 3,2026-07-07 06:46:22.741504
319,bf62ed00-4f1d-4a75-accc-c1dbce033548,319,Daihatsu,Sigra,2020,N 7425 AB,MPV,Commercial,343159519.0,Area 2,2026-07-07 06:46:22.741504
320,4e59da59-579d-445a-8e0a-c14a6c68465e,320,Hyundai,Stargazer,2014,D 7554 CD,SUV,Commercial,748239279.0,Area 3,2026-07-07 06:46:22.741504
321,69b21d60-64dc-4875-a25d-84a0c2f59faa,321,Suzuki,Baleno,2026,B 7280 GH,MPV,Commercial,270137404.0,Area 1,2026-07-07 06:46:22.741504
322,c20351b4-22fa-43de-95ea-e0c9a69ec8ba,322,Toyota,Fortuner,2014,N 9247 AA,EV,Commercial,192258706.0,Area 2,2026-07-07 06:46:22.741504
323,95f77d65-d286-4864-8d78-49de8cc8cb30,323,Mitsubishi,Xpander,2021,DK 8731 AA,Hatchback,Private,618876496.0,Area 3,2026-07-07 06:46:22.741504
324,5a00491a-31d6-4c3f-aa2c-5f784108354a,324,BMW,X3,2020,D 3644 EF,Hatchback,Private,1038131372.0,Area 2,2026-07-07 06:46:22.741504
325,c8e76107-fa72-40d4-97da-67384eafe772,325,Mitsubishi,Pajero Sport,2014,F 2061 AA,Sedan,Commercial,466527325.0,Area 1,2026-07-07 06:46:22.741504
326,5322821d-f4f4-4378-ac0a-5a67548521dc,326,Mercedes,C200,2024,D 8559 GH,SUV,Commercial,1242022385.0,Area 1,2026-07-07 06:46:22.741504
327,ebb46247-3d0c-44bc-9670-4536e42bc587,327,Mercedes,E200,2013,B 1529 EF,EV,Commercial,1727458943.0,Area 1,2026-07-07 06:46:22.741504
328,be83c2f3-a32d-476b-ba2c-266f7da7191a,328,BMW,X1,2026,DK 9803 AA,EV,Private,1320858471.0,Area 2,2026-07-07 06:46:22.741504
329,5104f548-ab40-4862-8e4a-fc65889a6670,329,Toyota,Innova,2024,L 1653 CD,MPV,Commercial,410096719.0,Area 1,2026-07-07 06:46:22.741504
330,e738eb25-fc09-460c-8eeb-7b95f6a2467f,330,Honda,HR-V,2025,F 2831 AB,Hatchback,Commercial,522475619.0,Area 2,2026-07-07 06:46:22.741504
331,462b764a-3615-49b0-b431-15d7b486a4f1,331,Suzuki,Ertiga,2024,L 4442 CD,SUV,Commercial,332345111.0,Area 3,2026-07-07 06:46:22.741504
332,48931aab-b89b-44b9-a743-dd41f7b3f513,332,Honda,Mobilio,2026,DK 9053 AB,Hatchback,Commercial,328533720.0,Area 3,2026-07-07 06:46:22.741504
333,620a2cc5-6ac6-432d-b980-634d1f83d492,333,Mercedes,GLA,2024,L 5225 GH,Hatchback,Private,1200692775.0,Area 1,2026-07-07 06:46:22.741504
334,c9d319d4-55d7-4c30-8771-93f6701cd190,334,Wuling,Air EV,2012,D 7076 GH,Hatchback,Commercial,354638299.0,Area 3,2026-07-07 06:46:22.741504
335,f5413577-0321-4a9a-a9c6-087f1f759b47,335,Suzuki,Baleno,2022,F 8787 EF,Hatchback,Private,359644351.0,Area 3,2026-07-07 06:46:22.741504
336,b856b91c-d86c-4fd1-9a3c-80f2ee78114e,336,Suzuki,Ertiga,2021,F 7295 CD,Sedan,Private,388416870.0,Area 1,2026-07-07 06:46:22.741504
337,0c9c1903-bdf2-4632-8f62-6cc39260c109,337,Hyundai,Creta,2021,B 5250 CD,EV,Commercial,762147289.0,Area 3,2026-07-07 06:46:22.741504
338,c05d9611-b815-4437-94f9-76d5cfb60b8b,338,Suzuki,XL7,2022,D 9209 CD,EV,Commercial,261462894.0,Area 2,2026-07-07 06:46:22.741504
339,e5b5e82e-1fbd-4f16-98d6-4682bde8b14a,339,Suzuki,Baleno,2019,D 8929 EF,SUV,Private,251903441.0,Area 1,2026-07-07 06:46:22.741504
340,c9154897-8a36-4014-8cc1-4c9f8ce10ee4,340,Hyundai,Creta,2015,D 5559 GH,SUV,Private,632790534.0,Area 2,2026-07-07 06:46:22.741504
341,eaede54c-5fda-49d6-84ac-9d436d24ac86,341,Mercedes,E200,2026,DK 1199 GH,Sedan,Private,1680739857.0,Area 3,2026-07-07 06:46:22.741504
342,2a7f696d-887e-4f88-8618-6435a76b9b80,342,Toyota,Rush,2022,B 6398 GH,SUV,Commercial,477042340.0,Area 3,2026-07-07 06:46:22.741504
343,e8cc0d62-160d-471a-bfb8-a9a32bb6f156,343,Wuling,Almaz,2024,B 8317 GH,EV,Private,321368151.0,Area 2,2026-07-07 06:46:22.741504
344,600925fc-755e-469d-a70a-08738ea40e55,344,Suzuki,Baleno,2026,DK 5015 AB,MPV,Private,170799907.0,Area 3,2026-07-07 06:46:22.741504
345,0e96fbfd-a3d3-4a09-9fb5-27569fccaa0f,345,Hyundai,Ioniq 5,2016,B 4113 AA,Sedan,Commercial,315353422.0,Area 1,2026-07-07 06:46:22.741504
346,dfa4573b-42b9-4a64-9fe1-93103e319deb,346,Mitsubishi,Xpander,2021,N 8819 EF,SUV,Private,391185767.0,Area 3,2026-07-07 06:46:22.741504
347,df2d8de9-7679-4f3c-9856-f084d86f5b51,347,Honda,HR-V,2019,B 8240 AA,MPV,Private,223620471.0,Area 3,2026-07-07 06:46:22.741504
348,3fee344f-8b74-4054-a162-c3649406a0f4,348,Mitsubishi,Pajero Sport,2016,N 1157 GH,MPV,Private,606537096.0,Area 2,2026-07-07 06:46:22.741504
349,57661576-e2fc-4aec-bff8-5cd1fde93812,349,Mitsubishi,Pajero Sport,2012,F 7671 GH,Hatchback,Commercial,558834370.0,Area 1,2026-07-07 06:46:22.741504
350,e7b4b822-6d10-453d-b5a1-a5141a4805df,350,Daihatsu,Sigra,2019,N 5649 CD,Hatchback,Private,231574684.0,Area 2,2026-07-07 06:46:22.741504
351,6d66f048-6091-48b6-ae53-5658c8f673ff,351,Wuling,Confero,2016,DK 8209 AA,Sedan,Commercial,193498942.0,Area 2,2026-07-07 06:46:22.741504
352,565a337c-9d1d-45cc-840f-70efaf337748,352,Wuling,Air EV,2019,D 3929 AA,MPV,Commercial,240770793.0,Area 2,2026-07-07 06:46:22.741504
353,064ae586-61ec-4f42-9308-7beb70c9e345,353,Daihatsu,Sigra,2022,N 3992 AB,SUV,Private,197234854.0,Area 2,2026-07-07 06:46:22.741504
354,a04f48ad-9455-495a-b1e7-7ffb4584ed1e,354,Wuling,Air EV,2017,N 8731 AA,Hatchback,Private,496557812.0,Area 3,2026-07-07 06:46:22.741504
355,cf984326-f89a-434f-bd33-f9649499ac7b,355,Suzuki,XL7,2014,D 7491 AB,Sedan,Private,247424397.0,Area 3,2026-07-07 06:46:22.741504
356,93a3356a-01d7-48ae-986f-7f8bc6ee8196,356,Mercedes,E200,2021,L 5413 AB,Hatchback,Commercial,1552014949.0,Area 2,2026-07-07 06:46:22.741504
357,41f59a9a-a4e1-4e9d-ab2e-e42cbfd1930b,357,Suzuki,XL7,2017,DK 6798 CD,MPV,Commercial,274165038.0,Area 3,2026-07-07 06:46:22.741504
358,96c712eb-fc94-48f9-b885-34f1dd4b88c1,358,BMW,X1,2012,L 1906 EF,Hatchback,Private,1896882984.0,Area 2,2026-07-07 06:46:22.741504
359,92c55b5e-75a9-4c39-bbb2-b155c4833638,359,Hyundai,Creta,2025,DK 4313 AB,Hatchback,Commercial,651015932.0,Area 1,2026-07-07 06:46:22.741504
360,8a38fc21-0ddb-4846-a296-5e1a1ed174d5,360,Daihatsu,Terios,2024,L 6336 GH,EV,Private,197708215.0,Area 3,2026-07-07 06:46:22.741504
361,89a2cf45-a2fa-46c0-92ba-ded43298d62b,361,Wuling,Air EV,2025,F 2750 AA,Sedan,Private,364742374.0,Area 3,2026-07-07 06:46:22.741504
362,35780a57-ee99-4a05-b68d-9a55bd5d11b9,362,Mercedes,E200,2021,L 1753 EF,MPV,Private,1501601675.0,Area 3,2026-07-07 06:46:22.741504
363,4bf9ae7b-baba-4342-8928-241cd7075851,363,BMW,320i,2013,B 6614 CD,EV,Commercial,1320432459.0,Area 2,2026-07-07 06:46:22.741504
364,f224db7f-b7e2-4edb-a8a9-d7e826783348,364,Honda,Mobilio,2014,DK 2212 CD,MPV,Private,639198664.0,Area 1,2026-07-07 06:46:22.741504
365,01074987-0ffc-4b21-8611-66d157a474a7,365,Hyundai,Ioniq 5,2015,N 2441 EF,Sedan,Commercial,864967553.0,Area 3,2026-07-07 06:46:22.741504
366,40b6c9f3-2f2d-4a3a-adc7-bedeea84083b,366,Hyundai,Ioniq 5,2020,F 1358 AB,SUV,Commercial,637867336.0,Area 2,2026-07-07 06:46:22.741504
367,bbcdc277-2f7a-46f4-b52a-23bef7d86940,367,Mitsubishi,Xpander,2017,L 4730 EF,Hatchback,Commercial,326829355.0,Area 3,2026-07-07 06:46:22.741504
368,dd929f97-498d-4811-9451-7f6fbc5b3c88,368,Hyundai,Stargazer,2021,DK 1379 AB,SUV,Commercial,708843089.0,Area 2,2026-07-07 06:46:22.741504
369,2b9e5935-8793-46cd-b5b6-169d36c81317,369,Mercedes,C200,2025,N 1987 GH,Hatchback,Private,1838894689.0,Area 1,2026-07-07 06:46:22.741504
370,2afd306f-bb2b-4ec9-86f0-2ed356c15b30,370,Wuling,Air EV,2024,N 9061 CD,EV,Commercial,226029124.0,Area 3,2026-07-07 06:46:22.741504
371,05afc3ef-d485-4e2d-9e8d-4827a96742b0,371,Honda,Brio,2020,B 9712 AB,EV,Private,478123767.0,Area 2,2026-07-07 06:46:22.741504
372,5ab0041b-f543-42a5-af18-2e8bf7a2c47b,372,Mitsubishi,Xpander,2024,DK 8060 CD,MPV,Commercial,697469251.0,Area 3,2026-07-07 06:46:22.741504
373,0fe07da9-ca4d-4a5d-9be6-c186b91fa6c4,373,Suzuki,Baleno,2017,B 3976 GH,Hatchback,Commercial,301657138.0,Area 3,2026-07-07 06:46:22.741504
374,396bda58-25aa-4726-a833-a6b7eda0203e,374,BMW,320i,2018,N 5813 AA,EV,Commercial,870263286.0,Area 1,2026-07-07 06:46:22.741504
375,72210cba-21f7-41de-b38d-28eb92ffe32d,375,Mitsubishi,Pajero Sport,2018,D 5241 AB,EV,Commercial,505810893.0,Area 2,2026-07-07 06:46:22.741504
376,984621cf-5c40-4261-aa68-2779169ac8ad,376,Mitsubishi,Pajero Sport,2026,DK 3500 AB,Sedan,Private,385614832.0,Area 1,2026-07-07 06:46:22.741504
377,b202e861-2ef0-4156-bcac-be6c42c63b51,377,Honda,Brio,2020,N 1646 AB,EV,Commercial,682529507.0,Area 1,2026-07-07 06:46:22.741504
378,7f438811-efa5-4e3b-9806-8e48c678e0d5,378,Daihatsu,Terios,2026,D 4421 AB,Hatchback,Private,253892770.0,Area 2,2026-07-07 06:46:22.741504
379,9c8ef474-ae80-4b9b-9638-09be55e4d7b0,379,Mitsubishi,Xpander,2024,F 1447 AB,MPV,Private,667834756.0,Area 2,2026-07-07 06:46:22.741504
380,6d2d864e-b204-474f-9787-81ad500f6029,380,Toyota,Rush,2025,DK 4417 EF,SUV,Commercial,415443050.0,Area 2,2026-07-07 06:46:22.741504
381,e1cc9430-1476-44a2-8475-f2482b4e734c,381,Mitsubishi,Xpander,2024,L 3042 AA,Sedan,Private,307447141.0,Area 1,2026-07-07 06:46:22.741504
382,0247221c-7acf-4490-9c63-e40963428ccc,382,Honda,Mobilio,2023,N 6871 CD,MPV,Private,282918694.0,Area 1,2026-07-07 06:46:22.741504
383,cd16cfb1-9c94-4f46-8579-5722592deab0,383,Wuling,Air EV,2019,F 9335 AA,MPV,Private,193895318.0,Area 2,2026-07-07 06:46:22.741504
384,6f3d6c13-68c0-430d-9292-d9daf70f6c9d,384,BMW,X1,2025,B 6811 CD,Hatchback,Private,1316163810.0,Area 3,2026-07-07 06:46:22.741504
385,c2faacdd-4e94-47c5-a429-8c2ec22f6734,385,Hyundai,Creta,2023,B 7384 EF,SUV,Commercial,597109525.0,Area 1,2026-07-07 06:46:22.741504
386,5b2ebb5e-d5df-4cd7-9efb-728ca6a3afce,386,Suzuki,Ertiga,2014,N 1151 AB,EV,Private,197640117.0,Area 3,2026-07-07 06:46:22.741504
387,9c0501c8-4dd2-459f-8c3b-d52ecdbaf088,387,Mercedes,C200,2012,N 4437 CD,Hatchback,Commercial,1238191513.0,Area 2,2026-07-07 06:46:22.741504
388,585b14aa-0210-49ec-be30-ab4a8c81f341,388,Suzuki,Ertiga,2026,N 3480 AB,Hatchback,Private,371139729.0,Area 1,2026-07-07 06:46:22.741504
389,3248c21f-9a57-4149-8ced-8065a026d1d8,389,Toyota,Rush,2015,F 7613 CD,Hatchback,Commercial,195289105.0,Area 1,2026-07-07 06:46:22.741504
390,2ecfc4f7-c818-4f15-8ccd-16bba3460bd4,390,Daihatsu,Xenia,2026,L 1560 AB,MPV,Private,284814196.0,Area 2,2026-07-07 06:46:22.741504
391,5c1f9375-769c-453c-b094-27008f2fd65f,391,Wuling,Almaz,2014,B 1244 CD,Sedan,Private,415422903.0,Area 1,2026-07-07 06:46:22.741504
392,1f5d6278-299d-4a19-9700-96589222d740,392,Honda,Mobilio,2019,L 9793 EF,Sedan,Private,337198182.0,Area 2,2026-07-07 06:46:22.741504
393,312fced6-6cfa-4102-9d4c-bb8473250799,393,Mercedes,GLA,2014,F 9847 CD,EV,Private,1926045872.0,Area 2,2026-07-07 06:46:22.741504
394,771a9ba6-d7cc-444b-a6ab-5a1f0d033132,394,Mitsubishi,Xpander,2015,N 3126 AB,Sedan,Private,618994539.0,Area 1,2026-07-07 06:46:22.741504
395,63b271e1-9333-4c25-998d-4e3de26cca70,395,BMW,X1,2026,N 2724 AB,Sedan,Commercial,1048241468.0,Area 3,2026-07-07 06:46:22.741504
396,188ddd34-b5d7-4553-b600-6925dd9b5d06,396,Hyundai,Stargazer,2023,L 9518 GH,EV,Commercial,391419420.0,Area 2,2026-07-07 06:46:22.741504
397,4c38645f-83a3-43b2-a6b8-b0e67a1ffe52,397,BMW,X1,2022,D 1560 EF,SUV,Private,1045606203.0,Area 1,2026-07-07 06:46:22.741504
398,069abbf2-49d1-4c35-986e-d6e3e339d1e4,398,Suzuki,Baleno,2012,D 3652 EF,Hatchback,Private,313568363.0,Area 2,2026-07-07 06:46:22.741504
399,a2da0a42-68cf-4bc0-8eba-c8c6c50045eb,399,Mercedes,GLA,2015,DK 7646 EF,Sedan,Commercial,1464368660.0,Area 3,2026-07-07 06:46:22.741504
400,0b001a9f-4fca-4b65-b34a-3fb5151f85cd,400,Mercedes,C200,2023,F 9429 CD,Hatchback,Private,1448219135.0,Area 2,2026-07-07 06:46:22.741504
401,9ca897bc-eae9-4e54-b55f-ccf3ac5d0621,401,Mercedes,E200,2019,DK 2581 CD,EV,Commercial,1035544380.0,Area 2,2026-07-07 06:46:22.741504
402,1d11795b-1d77-4b81-b0bd-994a36bd98d7,402,BMW,X3,2012,N 3068 AA,Sedan,Commercial,1741289421.0,Area 1,2026-07-07 06:46:22.741504
403,1e5045ff-9e10-410b-921e-4042ed635b82,403,Honda,CR-V,2014,F 6030 EF,MPV,Private,688774361.0,Area 3,2026-07-07 06:46:22.741504
404,1f8197ea-94d2-4158-b3dc-14c78de26ea4,404,Suzuki,XL7,2025,N 4192 AB,Sedan,Private,213331982.0,Area 3,2026-07-07 06:46:22.741504
405,d2ed23bd-b09a-4e92-9172-16c941153c2c,405,Daihatsu,Sigra,2021,D 9692 GH,SUV,Commercial,284809441.0,Area 1,2026-07-07 06:46:22.741504
406,6d213603-d53c-4adb-b905-ff93d3ef79cc,406,Wuling,Almaz,2017,D 2640 AB,EV,Private,271631803.0,Area 3,2026-07-07 06:46:22.741504
407,fd69f016-5320-4308-aa7d-447b1b8270b5,407,BMW,320i,2016,B 7567 CD,MPV,Commercial,1809650841.0,Area 2,2026-07-07 06:46:22.741504
408,45e35fca-7949-445c-96e1-a7dd72829735,408,Mercedes,GLA,2014,DK 5915 AA,SUV,Commercial,1569167398.0,Area 1,2026-07-07 06:46:22.741504
409,9eb09072-03d3-45d4-8b03-5c73c13a0ce6,409,Honda,Brio,2024,L 3298 AB,MPV,Private,580487700.0,Area 1,2026-07-07 06:46:22.741504
410,50c39b33-cdb6-4f3b-ac99-86d83eb08b1f,410,BMW,320i,2022,L 7406 GH,Sedan,Private,1745853974.0,Area 2,2026-07-07 06:46:22.741504
411,9a089f80-96eb-4421-8c44-989c200538ed,411,Honda,HR-V,2016,D 7577 AA,EV,Private,280504725.0,Area 2,2026-07-07 06:46:22.741504
412,e3810779-acd1-4abb-bdc2-a3db9104b09b,412,Suzuki,Baleno,2016,F 1176 AA,EV,Commercial,300724860.0,Area 1,2026-07-07 06:46:22.741504
413,5d336012-4078-4e6d-abea-c436848a0a26,413,Mercedes,C200,2022,L 5895 AA,EV,Commercial,1230018000.0,Area 1,2026-07-07 06:46:22.741504
414,b4c105c6-6a44-4ab8-ade0-c61ee93aabd1,414,Daihatsu,Terios,2012,L 5185 AA,MPV,Commercial,297028990.0,Area 1,2026-07-07 06:46:22.741504
415,f043afa2-9f2c-468f-a7ef-9e5b5b23afca,415,Mercedes,GLA,2015,N 2688 AA,EV,Commercial,1418171902.0,Area 3,2026-07-07 06:46:22.741504
416,621124f8-cc35-403b-bd5b-f4519b376ad3,416,Mercedes,E200,2018,L 1928 AA,Hatchback,Commercial,1440458942.0,Area 3,2026-07-07 06:46:22.741504
417,9e50bd8f-ff3a-4849-a0d1-963e694edb84,417,Wuling,Air EV,2018,DK 5116 CD,SUV,Private,244294281.0,Area 3,2026-07-07 06:46:22.741504
418,ef350be0-bdec-4379-9cf2-9e3d4ad6df6b,418,Mercedes,C200,2021,L 4627 GH,MPV,Commercial,1123264102.0,Area 3,2026-07-07 06:46:22.741504
419,1010bd5c-04ab-4ad4-a1ba-abeb76a9cdb6,419,Mercedes,E200,2021,N 7157 GH,EV,Commercial,990411701.0,Area 3,2026-07-07 06:46:22.741504
420,5dd6020b-7575-41b6-90f0-8f9a5a1c551d,420,Honda,Brio,2021,B 2924 AB,Hatchback,Commercial,607702018.0,Area 2,2026-07-07 06:46:22.741504
421,0924d985-6f93-4dce-a371-f99f3c0a29d3,421,Toyota,Innova,2022,L 8548 GH,EV,Private,394046532.0,Area 3,2026-07-07 06:46:22.741504
422,1afe0920-2744-479a-b265-4aa7a5861cc4,422,BMW,X3,2026,B 4539 GH,Sedan,Private,1527017062.0,Area 2,2026-07-07 06:46:22.741504
423,9eb5a544-ed3b-4912-b114-baf0a7470b33,423,Honda,CR-V,2026,L 1464 EF,Hatchback,Commercial,609358206.0,Area 3,2026-07-07 06:46:22.741504
424,9ac025ec-ebef-4ba8-a595-84a7028dc241,424,Daihatsu,Terios,2015,F 8307 AA,Hatchback,Commercial,327664414.0,Area 3,2026-07-07 06:46:22.741504
425,f46c196e-2240-4ab7-9c7f-49e43a3e9639,425,Hyundai,Creta,2015,N 9966 CD,MPV,Commercial,434745882.0,Area 2,2026-07-07 06:46:22.741504
426,b7e3573c-84ce-43d1-8ecf-fb955ff437da,426,Honda,CR-V,2017,N 9818 AB,Hatchback,Commercial,224384036.0,Area 3,2026-07-07 06:46:22.741504
427,bcaa8b57-044e-4845-ace3-7a43d0f35646,427,Honda,Mobilio,2017,N 9146 AB,MPV,Private,312099203.0,Area 3,2026-07-07 06:46:22.741504
428,7791e79e-d175-4b6e-aa19-df55ef1ddef1,428,Mercedes,GLA,2017,L 6922 AB,Sedan,Commercial,934203684.0,Area 1,2026-07-07 06:46:22.741504
429,874fd6b8-9cc2-40c7-8dc0-75f93943403b,429,Mitsubishi,Pajero Sport,2026,N 5853 GH,EV,Private,433659176.0,Area 3,2026-07-07 06:46:22.741504
430,d32ac7cb-f244-472e-a605-7c9f79f7fe03,430,Honda,HR-V,2013,B 7629 CD,Sedan,Commercial,456059720.0,Area 2,2026-07-07 06:46:22.741504
431,d11d4f80-3c45-4e87-b9de-04f3adf7bfe3,431,BMW,320i,2026,L 2697 CD,EV,Private,1197716573.0,Area 1,2026-07-07 06:46:22.741504
432,78847802-71b4-483f-bc5f-a6707b49083e,432,Mercedes,C200,2015,N 3539 CD,SUV,Commercial,1382042651.0,Area 3,2026-07-07 06:46:22.741504
433,423a361a-587a-465e-a9d1-8a17ff473769,433,Mitsubishi,Xpander,2026,D 8214 AB,Sedan,Private,379339603.0,Area 1,2026-07-07 06:46:22.741504
434,f592f8b7-46e1-44a1-9105-2fd0c0831660,434,Toyota,Rush,2025,L 7791 GH,EV,Private,401364528.0,Area 1,2026-07-07 06:46:22.741504
435,614622b1-173a-42e8-9ba8-1351c54df277,435,Wuling,Confero,2018,DK 7342 CD,Hatchback,Commercial,421560317.0,Area 2,2026-07-07 06:46:22.741504
436,19e11564-b68c-42db-8605-e8924883aebb,436,Daihatsu,Xenia,2017,N 6850 AA,Sedan,Commercial,328558410.0,Area 1,2026-07-07 06:46:22.741504
437,78ab550b-831b-4471-8f4e-a6192170de95,437,Wuling,Confero,2014,B 9314 EF,EV,Commercial,246268162.0,Area 3,2026-07-07 06:46:22.741504
438,ab9e3a8f-8ce3-43f1-a284-6d01598e2af7,438,Mitsubishi,Pajero Sport,2023,DK 4669 EF,Hatchback,Private,467088860.0,Area 3,2026-07-07 06:46:22.741504
439,f4f81a47-afc4-4417-871b-fe9985f97839,439,Mercedes,GLA,2021,L 2059 AB,SUV,Commercial,1023578583.0,Area 2,2026-07-07 06:46:22.741504
440,0d1daa85-1d85-446b-886e-0df8e32f8c1c,440,Mercedes,E200,2014,B 6806 AA,Hatchback,Commercial,959221089.0,Area 3,2026-07-07 06:46:22.741504
441,53ab4f36-aa04-4563-98ef-e33f6616faca,441,Mercedes,GLA,2023,D 7492 AB,MPV,Commercial,1554254662.0,Area 2,2026-07-07 06:46:22.741504
442,3820390f-162c-4736-a057-1bfa0231dd47,442,Mitsubishi,Pajero Sport,2014,N 6152 AA,EV,Private,602313137.0,Area 2,2026-07-07 06:46:22.741504
443,89deae83-81ce-49aa-a038-02b0e96841ea,443,Honda,Brio,2021,B 9679 EF,Sedan,Private,303573230.0,Area 3,2026-07-07 06:46:22.741504
444,903c14ea-d5de-44d1-ba47-dab2520a03f8,444,Suzuki,Ertiga,2012,DK 9109 AA,Hatchback,Private,185276265.0,Area 2,2026-07-07 06:46:22.741504
445,d560c225-604b-4da2-9993-efc4eeb3bab0,445,BMW,X1,2018,DK 8772 AB,Hatchback,Private,952932437.0,Area 2,2026-07-07 06:46:22.741504
446,63d9c6e7-bfba-4fb0-8fcf-97c84ec7427c,446,Daihatsu,Xenia,2023,L 5128 EF,SUV,Private,209928931.0,Area 2,2026-07-07 06:46:22.741504
447,b59d2700-cfd4-44c7-b278-ed49874da41c,447,Mitsubishi,Xpander,2017,DK 2336 CD,MPV,Private,501249101.0,Area 2,2026-07-07 06:46:22.741504
448,92be24a1-36cd-49d3-ae39-a8ca8f92c1cb,448,Toyota,Avanza,2020,B 7113 AA,Sedan,Private,464069658.0,Area 1,2026-07-07 06:46:22.741504
449,dd4ab2e3-b0d3-4050-b966-deba5398854f,449,Toyota,Innova,2018,F 1453 GH,EV,Commercial,641364649.0,Area 1,2026-07-07 06:46:22.741504
450,8e1604d9-9846-4e85-9692-7a051b329ca7,450,Suzuki,Ertiga,2022,N 9162 AB,EV,Private,252676795.0,Area 1,2026-07-07 06:46:22.741504
451,c372a106-05d9-4cb4-a89a-637bccf71446,451,Suzuki,Baleno,2017,N 3898 EF,Sedan,Private,378603492.0,Area 2,2026-07-07 06:46:22.741504
452,cb07110c-666a-4851-b1b8-7cd6b490d94f,452,Toyota,Avanza,2026,N 2970 CD,Hatchback,Private,367396951.0,Area 3,2026-07-07 06:46:22.741504
453,765c5cc7-82ad-43fb-a13c-fcd67e4c4347,453,Suzuki,Baleno,2020,D 2633 EF,Sedan,Private,324602369.0,Area 2,2026-07-07 06:46:22.741504
454,7f1ed9e5-50d2-46af-ab8e-9da3c7ce1e62,454,Mercedes,E200,2020,L 8338 AA,EV,Private,1626588095.0,Area 1,2026-07-07 06:46:22.741504
455,dcd86751-ccad-4ad3-bbb7-1ba2af0a5ffb,455,Daihatsu,Xenia,2015,L 4085 EF,SUV,Commercial,155736808.0,Area 2,2026-07-07 06:46:22.741504
456,578349a7-a272-40a3-bcb2-7f7623c9cfd6,456,Honda,Brio,2022,DK 6251 GH,EV,Commercial,576370193.0,Area 3,2026-07-07 06:46:22.741504
457,5697b790-0aab-4fc3-9aa6-534dcd24327e,457,Mitsubishi,Pajero Sport,2017,D 8338 AB,Hatchback,Commercial,437023670.0,Area 2,2026-07-07 06:46:22.741504
458,f7e69752-26fe-42d1-bb17-876cc310a8b2,458,BMW,320i,2019,B 9048 AA,Hatchback,Commercial,1504620914.0,Area 2,2026-07-07 06:46:22.741504
459,63088bc9-42b5-4daa-9552-fad9ae27e0ca,459,Hyundai,Stargazer,2024,F 1903 GH,SUV,Private,345764351.0,Area 2,2026-07-07 06:46:22.741504
460,a4a9be89-546b-46b9-a93a-7f49244469ca,460,Wuling,Almaz,2022,F 1785 GH,SUV,Private,352642853.0,Area 2,2026-07-07 06:46:22.741504
461,71e1f3e1-3aff-4761-ac1d-6530e7011be9,461,Mitsubishi,Pajero Sport,2020,B 8107 GH,EV,Private,493130707.0,Area 2,2026-07-07 06:46:22.741504
462,f18ee5ed-c508-4f63-ae18-90d275ff48e1,462,Toyota,Fortuner,2013,L 4042 AB,Hatchback,Private,563344392.0,Area 1,2026-07-07 06:46:22.741504
463,12a31f10-4b06-4888-b6ed-78a333dbe5ca,463,Mercedes,C200,2021,DK 1255 AA,MPV,Private,1149818965.0,Area 2,2026-07-07 06:46:22.741504
464,df817a8a-3d96-4f54-9dc4-378931713e20,464,Toyota,Fortuner,2022,F 3900 EF,Sedan,Commercial,629783638.0,Area 2,2026-07-07 06:46:22.741504
465,93c1f8ed-f3ca-47e8-9ee0-66c6cadf8bea,465,Toyota,Fortuner,2014,N 5033 GH,Hatchback,Commercial,545284668.0,Area 3,2026-07-07 06:46:22.741504
466,8b8a085e-97cc-4d16-8626-6aa946a2d234,466,Hyundai,Creta,2026,DK 5466 EF,SUV,Commercial,694142409.0,Area 2,2026-07-07 06:46:22.741504
467,a72e3cc5-577e-462c-8a27-4579741cbf47,467,Hyundai,Creta,2025,L 5152 GH,SUV,Commercial,294881708.0,Area 3,2026-07-07 06:46:22.741504
468,d3b76eae-ae2e-4973-89ce-1371094d4ee2,468,Mercedes,C200,2022,DK 4653 AA,SUV,Private,1241286329.0,Area 2,2026-07-07 06:46:22.741504
469,5c881266-7f0c-49a0-a7a1-9987797fad39,469,Honda,HR-V,2020,F 3742 CD,MPV,Commercial,457902442.0,Area 2,2026-07-07 06:46:22.741504
470,ab7c2815-db2f-4c75-b55e-08fe08d7b124,470,Hyundai,Ioniq 5,2016,B 2956 EF,Sedan,Private,845658257.0,Area 2,2026-07-07 06:46:22.741504
471,d190ad1b-f546-429e-b223-5f6a1173f2fb,471,Mitsubishi,Xpander,2020,B 8683 EF,SUV,Private,342752893.0,Area 1,2026-07-07 06:46:22.741504
472,9bde7a44-d0a4-41a7-8482-46190c1a4141,472,BMW,320i,2013,DK 2104 AB,MPV,Commercial,1320415484.0,Area 3,2026-07-07 06:46:22.741504
473,e0df70c6-e517-4252-866e-dd70c9fc4be5,473,Suzuki,XL7,2021,B 9251 AB,Sedan,Commercial,171746170.0,Area 3,2026-07-07 06:46:22.741504
474,648069b6-c3db-4c2a-80bc-7e5c6983ae62,474,Toyota,Fortuner,2017,F 3875 CD,MPV,Private,525817439.0,Area 1,2026-07-07 06:46:22.741504
475,55e37e43-3909-4780-88ae-94692e39c938,475,BMW,X1,2014,F 9283 AA,Sedan,Private,1523465510.0,Area 1,2026-07-07 06:46:22.741504
476,17047fc9-0e76-48c6-8c21-26af8d75f04f,476,Daihatsu,Sigra,2023,L 1414 EF,SUV,Private,301506891.0,Area 3,2026-07-07 06:46:22.741504
477,f2d0dab1-1eab-4a8c-af9b-1f0d4f1dcd44,477,Hyundai,Ioniq 5,2014,D 9964 CD,SUV,Private,319934255.0,Area 2,2026-07-07 06:46:22.741504
478,d682b38e-7cee-46ab-8488-4d18be7a0837,478,Wuling,Confero,2012,N 3783 CD,Hatchback,Private,267033714.0,Area 1,2026-07-07 06:46:22.741504
479,fd178ad0-6027-4813-915c-9d6a93b683ca,479,Mitsubishi,Xpander,2018,B 1957 EF,EV,Private,680099988.0,Area 1,2026-07-07 06:46:22.741504
480,8c65e09e-41f4-4a5b-a81b-89474abac752,480,Toyota,Avanza,2012,DK 8805 GH,MPV,Commercial,548084057.0,Area 3,2026-07-07 06:46:22.741504
481,ee62b24c-3e73-448d-9c12-6c298f71fee8,481,BMW,X1,2026,DK 4893 EF,EV,Commercial,1220597962.0,Area 3,2026-07-07 06:46:22.741504
482,ab962325-f39f-40c4-aaa5-1c64fa0c5191,482,Mercedes,GLA,2026,D 8441 GH,Hatchback,Private,1210112540.0,Area 2,2026-07-07 06:46:22.741504
483,ea886e7f-8442-41b4-80ea-5cdf782dfadc,483,Suzuki,XL7,2016,D 7030 AA,MPV,Commercial,198650350.0,Area 1,2026-07-07 06:46:22.741504
484,a684032f-53ad-4e69-ab50-380aa535c6c4,484,Mercedes,GLA,2023,N 4718 EF,Sedan,Commercial,1346893326.0,Area 2,2026-07-07 06:46:22.741504
485,c3ca362a-1523-4850-871b-5f2185ecbbc8,485,BMW,X1,2019,DK 8410 EF,MPV,Commercial,1240369859.0,Area 2,2026-07-07 06:46:22.741504
486,e36b776a-db6f-496d-a876-ee4ea1995651,486,Daihatsu,Sigra,2018,D 9682 AB,Sedan,Private,331284384.0,Area 1,2026-07-07 06:46:22.741504
487,6b516b35-d863-477b-9505-77885d23c386,487,Mitsubishi,Pajero Sport,2026,L 9981 EF,Hatchback,Commercial,334629287.0,Area 2,2026-07-07 06:46:22.741504
488,a23e87c5-eb00-43eb-99b8-e7c0b7242b2a,488,Suzuki,XL7,2013,N 8410 CD,EV,Commercial,173659529.0,Area 1,2026-07-07 06:46:22.741504
489,d5faa04b-0847-46b4-ab42-c05664522fdf,489,Mitsubishi,Pajero Sport,2020,D 7296 GH,MPV,Private,726376257.0,Area 2,2026-07-07 06:46:22.741504
490,ce5992e6-254c-49ee-b017-9431dbc75f59,490,Toyota,Fortuner,2018,N 3823 CD,EV,Private,524262104.0,Area 2,2026-07-07 06:46:22.741504
491,e2640ad4-c76f-4e3c-9ec8-5ef0699d974c,491,Mitsubishi,Xpander,2018,F 8677 AB,Sedan,Commercial,389766421.0,Area 3,2026-07-07 06:46:22.741504
492,3a438f6c-4560-44b1-b3ab-77cbdb486382,492,Wuling,Confero,2022,B 2590 AA,SUV,Private,194653961.0,Area 1,2026-07-07 06:46:22.741504
493,4e5bdf4d-7b19-4e56-8329-66283fe2694e,493,Daihatsu,Xenia,2017,F 4326 AB,Sedan,Commercial,157722936.0,Area 2,2026-07-07 06:46:22.741504
494,c8203dc3-cb29-4583-9d1d-7802eef90fd5,494,Daihatsu,Sigra,2026,L 8783 CD,Sedan,Commercial,221400496.0,Area 1,2026-07-07 06:46:22.741504
495,36c93409-5c04-47ba-b254-2207be5da5c5,495,Wuling,Almaz,2026,D 3674 EF,SUV,Commercial,274976154.0,Area 3,2026-07-07 06:46:22.741504
496,9052b98d-850a-4696-8022-44a4f24fcd5d,496,Wuling,Confero,2019,DK 5607 AB,SUV,Private,428855956.0,Area 1,2026-07-07 06:46:22.741504
497,aa85a031-b144-4193-a9be-0d3a6767db6f,497,Toyota,Fortuner,2026,L 8746 EF,MPV,Private,591854131.0,Area 1,2026-07-07 06:46:22.741504
498,b47148a9-7fcc-4252-8e07-229a9cc666b3,498,Daihatsu,Terios,2021,N 3979 EF,SUV,Commercial,320324664.0,Area 3,2026-07-07 06:46:22.741504
499,922ba93c-7a72-4e7b-88ae-4ee75b5be3ba,499,Daihatsu,Terios,2013,F 2128 AB,Sedan,Commercial,321830972.0,Area 2,2026-07-07 06:46:22.741504
500,600d7695-ce0f-4964-842d-4d6b571c92eb,500,Suzuki,Ertiga,2026,DK 4229 CD,Hatchback,Private,255217237.0,Area 3,2026-07-07 06:46:22.741504
